mine_cluster_mini,shapeGroup_primary_admin0,commodity_mineral__1,commodity_mineral__2,commodity_mineral__3,commodity_mineral__4,commodity_mineral__5,commodity_mineral__6,commodity_mineral__7,commodity_mineral__8,commodity_mineral__9,commodity_mineral__10,commodity_mineral__11,commodity_mineral__12,commodity_mineral__13,commodity_mineral__14,commodity_mineral__15,process_binary,mine_output_approx_copper,export_country_code,import_country_code,export_continent,export_landlocked,import_continent,import_landlocked,trade_value_thousandUSD,trade_quantity_tons,trade_quantity_tons_fraction,mine_output_approx_copper_export,id,iso3
mine_1687,ZAF,Zinc,Copper,Silver,,,,,,,,,,,,,0.0,17879.2965435339,ZAF,AUS,Africa,0,Oceania,0,2243.85,611.793,0.004059794671234131,72.58627283285374,port955_land,AUS
mine_1687,ZAF,Zinc,Copper,Silver,,,,,,,,,,,,,0.0,17879.2965435339,ZAF,AUT,Africa,0,Europe,1,8.716,22.437,0.00014888959670751416,2.6620412517808143,port446_land,AUT
mine_1687,ZAF,Zinc,Copper,Silver,,,,,,,,,,,,,0.0,17879.2965435339,ZAF,BGR,Africa,0,Europe,0,225.105,83.326,0.000552942663245992,9.886225847746495,port1355_land,BGR
mine_1687,ZAF,Zinc,Copper,Silver,,,,,,,,,,,,,0.0,17879.2965435339,ZAF,BRA,Africa,0,South America,0,0.053,0.023,1.5262560610923142e-07,0.002728838471763548,port506_land,BRA
mine_1687,ZAF,Zinc,Copper,Silver,,,,,,,,,,,,,0.0,17879.2965435339,ZAF,CAN,Africa,0,North America,0,0.049,0.004,2.6543583671170682e-08,0.00047458060378496484,port1350_land,CAN
mine_1687,ZAF,Zinc,Copper,Silver,,,,,,,,,,,,,0.0,17879.2965435339,ZAF,CHN,Africa,0,Asia,0,204446.308,100494.827,0.6668732122485806,11923.223918731397,port1195_land,CHN
mine_1687,ZAF,Zinc,Copper,Silver,,,,,,,,,,,,,0.0,17879.2965435339,ZAF,DEU,Africa,0,Europe,0,0.014,0.003,1.990768775337801e-08,0.0003559354528387236,port446_land,DEU
mine_1687,ZAF,Zinc,Copper,Silver,,,,,,,,,,,,,0.0,17879.2965435339,ZAF,ESP,Africa,0,Europe,0,1.532,0.11,7.299485509571937e-07,0.013050966604086533,port635_land,ESP
mine_1687,ZAF,Zinc,Copper,Silver,,,,,,,,,,,,,0.0,17879.2965435339,ZAF,FIN,Africa,0,Europe,0,0.075,0.026,1.725332938626094e-07,0.003084773924602271,port586_land,FIN
mine_1687,ZAF,Zinc,Copper,Silver,,,,,,,,,,,,,0.0,17879.2965435339,ZAF,GBR,Africa,0,Europe,0,0.927,0.764,5.069824481193601e-06,0.09064489532292828,port493_land,GBR
mine_1687,ZAF,Zinc,Copper,Silver,,,,,,,,,,,,,0.0,17879.2965435339,ZAF,GEO,Africa,0,Europe,0,489.528,522.5,0.0034672556170466705,61.992091369411035,port1016_land,GEO
mine_1687,ZAF,Zinc,Copper,Silver,,,,,,,,,,,,,0.0,17879.2965435339,ZAF,KHM,Africa,0,Asia,0,3695.596,8031.359,0.05329526240242743,952.8818008584528,port535_land,KHM
mine_1687,ZAF,Zinc,Copper,Silver,,,,,,,,,,,,,0.0,17879.2965435339,ZAF,MYS,Africa,0,Asia,0,481.576,1256.395,0.008337306451635123,149.06517442310272,port672_land,MYS
mine_1687,ZAF,Zinc,Copper,Silver,,,,,,,,,,,,,0.0,17879.2965435339,ZAF,NLD,Africa,0,Europe,0,2.543,0.07,4.6451271424548695e-07,0.008305160566236884,port1114_land,NLD
mine_1687,ZAF,Zinc,Copper,Silver,,,,,,,,,,,,,0.0,17879.2965435339,ZAF,RUS,Africa,0,Europe,0,2.018,0.008,5.3087167342341363e-08,0.0009491612075699297,port1095_land,RUS
mine_1687,ZAF,Zinc,Copper,Silver,,,,,,,,,,,,,0.0,17879.2965435339,ZAF,TUR,Africa,0,Asia,0,0.134,0.018,1.1944612652026805e-07,0.0021356127170323413,port1406_land,TUR
mine_1687,ZAF,Zinc,Copper,Silver,,,,,,,,,,,,,0.0,17879.2965435339,ZAF,TWN,Africa,0,Asia,0,2493.233,2086.224,0.013843965325201097,247.52036138767113,port541_land,TWN
mine_1687,ZAF,Zinc,Copper,Silver,,,,,,,,,,,,,0.0,17879.2965435339,ZAF,USA,Africa,0,North America,0,0.02,0.27,1.7916918978040211e-06,0.03203419075548513,port812_land,USA
mine_1701,ZAF,Silver,Copper,Phosphate,Lanthanides,,,,,,,,,,,,0.0,5837.724406436706,ZAF,AUS,Africa,0,Oceania,0,2243.85,611.793,0.004059794671234131,23.69996243738517,port955_land,AUS
mine_1701,ZAF,Silver,Copper,Phosphate,Lanthanides,,,,,,,,,,,,0.0,5837.724406436706,ZAF,AUT,Africa,0,Europe,1,8.716,22.437,0.00014888959670751416,0.8691764325639736,port446_land,AUT
mine_1701,ZAF,Silver,Copper,Phosphate,Lanthanides,,,,,,,,,,,,0.0,5837.724406436706,ZAF,BGR,Africa,0,Europe,0,225.105,83.326,0.000552942663245992,3.2279268805912404,port1355_land,BGR
mine_1701,ZAF,Silver,Copper,Phosphate,Lanthanides,,,,,,,,,,,,0.0,5837.724406436706,ZAF,BRA,Africa,0,South America,0,0.053,0.023,1.5262560610923142e-07,0.0008909862258310554,port506_land,BRA
mine_1701,ZAF,Silver,Copper,Phosphate,Lanthanides,,,,,,,,,,,,0.0,5837.724406436706,ZAF,CAN,Africa,0,North America,0,0.049,0.004,2.6543583671170682e-08,0.00015495412623148792,port1350_land,CAN
mine_1701,ZAF,Silver,Copper,Phosphate,Lanthanides,,,,,,,,,,,,0.0,5837.724406436706,ZAF,CHN,Africa,0,Asia,0,204446.308,100494.827,0.6668732122485806,3893.022027142385,port1195_land,CHN
mine_1701,ZAF,Silver,Copper,Phosphate,Lanthanides,,,,,,,,,,,,0.0,5837.724406436706,ZAF,DEU,Africa,0,Europe,0,0.014,0.003,1.990768775337801e-08,0.00011621559467361593,port446_land,DEU
mine_1701,ZAF,Silver,Copper,Phosphate,Lanthanides,,,,,,,,,,,,0.0,5837.724406436706,ZAF,ESP,Africa,0,Europe,0,1.532,0.11,7.299485509571937e-07,0.004261238471365917,port635_land,ESP
mine_1701,ZAF,Silver,Copper,Phosphate,Lanthanides,,,,,,,,,,,,0.0,5837.724406436706,ZAF,FIN,Africa,0,Europe,0,0.075,0.026,1.725332938626094e-07,0.0010072018205046713,port586_land,FIN
mine_1701,ZAF,Silver,Copper,Phosphate,Lanthanides,,,,,,,,,,,,0.0,5837.724406436706,ZAF,GBR,Africa,0,Europe,0,0.927,0.764,5.069824481193601e-06,0.029596238110214192,port493_land,GBR
mine_1701,ZAF,Silver,Copper,Phosphate,Lanthanides,,,,,,,,,,,,0.0,5837.724406436706,ZAF,GEO,Africa,0,Europe,0,489.528,522.5,0.0034672556170466705,20.24088273898811,port1016_land,GEO
mine_1701,ZAF,Silver,Copper,Phosphate,Lanthanides,,,,,,,,,,,,0.0,5837.724406436706,ZAF,KHM,Africa,0,Asia,0,3695.596,8031.359,0.05329526240242743,311.1230540740992,port535_land,KHM
mine_1701,ZAF,Silver,Copper,Phosphate,Lanthanides,,,,,,,,,,,,0.0,5837.724406436706,ZAF,MYS,Africa,0,Asia,0,481.576,1256.395,0.008337306451635123,48.67089735665257,port672_land,MYS
mine_1701,ZAF,Silver,Copper,Phosphate,Lanthanides,,,,,,,,,,,,0.0,5837.724406436706,ZAF,NLD,Africa,0,Europe,0,2.543,0.07,4.6451271424548695e-07,0.0027116972090510385,port1114_land,NLD
mine_1701,ZAF,Silver,Copper,Phosphate,Lanthanides,,,,,,,,,,,,0.0,5837.724406436706,ZAF,RUS,Africa,0,Europe,0,2.018,0.008,5.3087167342341363e-08,0.00030990825246297583,port1095_land,RUS
mine_1701,ZAF,Silver,Copper,Phosphate,Lanthanides,,,,,,,,,,,,0.0,5837.724406436706,ZAF,TUR,Africa,0,Asia,0,0.134,0.018,1.1944612652026805e-07,0.0006972935680416955,port1406_land,TUR
mine_1701,ZAF,Silver,Copper,Phosphate,Lanthanides,,,,,,,,,,,,0.0,5837.724406436706,ZAF,TWN,Africa,0,Asia,0,2493.233,2086.224,0.013843965325201097,80.81725426078991,port541_land,TWN
mine_1701,ZAF,Silver,Copper,Phosphate,Lanthanides,,,,,,,,,,,,0.0,5837.724406436706,ZAF,USA,Africa,0,North America,0,0.02,0.27,1.7916918978040211e-06,0.010459403520625434,port812_land,USA
mine_1740,ZAF,Copper,Silver,,,,,,,,,,,,,,0.0,26965.259850356822,ZAF,AUS,Africa,0,Oceania,0,2243.85,611.793,0.004059794671234131,109.47341824892229,port955_land,AUS
mine_1740,ZAF,Copper,Silver,,,,,,,,,,,,,,0.0,26965.259850356822,ZAF,AUT,Africa,0,Europe,1,8.716,22.437,0.00014888959670751416,4.014846664232951,port446_land,AUT
mine_1740,ZAF,Copper,Silver,,,,,,,,,,,,,,0.0,26965.259850356822,ZAF,BGR,Africa,0,Europe,0,225.105,83.326,0.000552942663245992,14.910242596776522,port1355_land,BGR
mine_1740,ZAF,Copper,Silver,,,,,,,,,,,,,,0.0,26965.259850356822,ZAF,BRA,Africa,0,South America,0,0.053,0.023,1.5262560610923142e-07,0.004115589128553633,port506_land,BRA
mine_1740,ZAF,Copper,Silver,,,,,,,,,,,,,,0.0,26965.259850356822,ZAF,CAN,Africa,0,North America,0,0.049,0.004,2.6543583671170682e-08,0.0007157546310528057,port1350_land,CAN
mine_1740,ZAF,Copper,Silver,,,,,,,,,,,,,,0.0,26965.259850356822,ZAF,CHN,Africa,0,Asia,0,204446.308,100494.827,0.6668732122485806,17982.409455525136,port1195_land,CHN
mine_1740,ZAF,Copper,Silver,,,,,,,,,,,,,,0.0,26965.259850356822,ZAF,DEU,Africa,0,Europe,0,0.014,0.003,1.990768775337801e-08,0.0005368159732896044,port446_land,DEU
mine_1740,ZAF,Copper,Silver,,,,,,,,,,,,,,0.0,26965.259850356822,ZAF,ESP,Africa,0,Europe,0,1.532,0.11,7.299485509571937e-07,0.019683252353952158,port635_land,ESP
mine_1740,ZAF,Copper,Silver,,,,,,,,,,,,,,0.0,26965.259850356822,ZAF,FIN,Africa,0,Europe,0,0.075,0.026,1.725332938626094e-07,0.004652405101843237,port586_land,FIN
mine_1740,ZAF,Copper,Silver,,,,,,,,,,,,,,0.0,26965.259850356822,ZAF,GBR,Africa,0,Europe,0,0.927,0.764,5.069824481193601e-06,0.1367091345310859,port493_land,GBR
mine_1740,ZAF,Copper,Silver,,,,,,,,,,,,,,0.0,26965.259850356822,ZAF,GEO,Africa,0,Europe,0,489.528,522.5,0.0034672556170466705,93.49544868127275,port1016_land,GEO
mine_1740,ZAF,Copper,Silver,,,,,,,,,,,,,,0.0,26965.259850356822,ZAF,KHM,Africa,0,Asia,0,3695.596,8031.359,0.05329526240242743,1437.1205994744078,port535_land,KHM
mine_1740,ZAF,Copper,Silver,,,,,,,,,,,,,,0.0,26965.259850356822,ZAF,MYS,Africa,0,Asia,0,481.576,1256.395,0.008337306451635123,224.81763492039747,port672_land,MYS
mine_1740,ZAF,Copper,Silver,,,,,,,,,,,,,,0.0,26965.259850356822,ZAF,NLD,Africa,0,Europe,0,2.543,0.07,4.6451271424548695e-07,0.0125257060434241,port1114_land,NLD
mine_1740,ZAF,Copper,Silver,,,,,,,,,,,,,,0.0,26965.259850356822,ZAF,RUS,Africa,0,Europe,0,2.018,0.008,5.3087167342341363e-08,0.0014315092621056114,port1095_land,RUS
mine_1740,ZAF,Copper,Silver,,,,,,,,,,,,,,0.0,26965.259850356822,ZAF,TUR,Africa,0,Asia,0,0.134,0.018,1.1944612652026805e-07,0.0032208958397376255,port1406_land,TUR
mine_1740,ZAF,Copper,Silver,,,,,,,,,,,,,,0.0,26965.259850356822,ZAF,TWN,Africa,0,Asia,0,2493.233,2086.224,0.013843965325201097,373.3061223533772,port541_land,TWN
mine_1740,ZAF,Copper,Silver,,,,,,,,,,,,,,0.0,26965.259850356822,ZAF,USA,Africa,0,North America,0,0.02,0.27,1.7916918978040211e-06,0.04831343759606439,port812_land,USA
mine_1741,ZAF,Copper,,,,,,,,,,,,,,,0.0,19089.008177035637,ZAF,AUS,Africa,0,Oceania,0,2243.85,611.793,0.004059794671234131,77.49745367627403,port955_land,AUS
mine_1741,ZAF,Copper,,,,,,,,,,,,,,,0.0,19089.008177035637,ZAF,AUT,Africa,0,Europe,1,8.716,22.437,0.00014888959670751416,2.842154729025276,port446_land,AUT
mine_1741,ZAF,Copper,,,,,,,,,,,,,,,0.0,19089.008177035637,ZAF,BGR,Africa,0,Europe,0,225.105,83.326,0.000552942663245992,10.555127020134606,port1355_land,BGR
mine_1741,ZAF,Copper,,,,,,,,,,,,,,,0.0,19089.008177035637,ZAF,BRA,Africa,0,South America,0,0.053,0.023,1.5262560610923142e-07,0.0029134714430441386,port506_land,BRA
mine_1741,ZAF,Copper,,,,,,,,,,,,,,,0.0,19089.008177035637,ZAF,CAN,Africa,0,North America,0,0.049,0.004,2.6543583671170682e-08,0.0005066906857468067,port1350_land,CAN
mine_1741,ZAF,Copper,,,,,,,,,,,,,,,0.0,19089.008177035637,ZAF,CHN,Africa,0,Asia,0,204446.308,100494.827,0.6668732122485806,12729.948201659177,port1195_land,CHN
mine_1741,ZAF,Copper,,,,,,,,,,,,,,,0.0,19089.008177035637,ZAF,DEU,Africa,0,Europe,0,0.014,0.003,1.990768775337801e-08,0.00038001801431010505,port446_land,DEU
mine_1741,ZAF,Copper,,,,,,,,,,,,,,,0.0,19089.008177035637,ZAF,ESP,Africa,0,Europe,0,1.532,0.11,7.299485509571937e-07,0.013933993858037185,port635_land,ESP
mine_1741,ZAF,Copper,,,,,,,,,,,,,,,0.0,19089.008177035637,ZAF,FIN,Africa,0,Europe,0,0.075,0.026,1.725332938626094e-07,0.0032934894573542436,port586_land,FIN
mine_1741,ZAF,Copper,,,,,,,,,,,,,,,0.0,19089.008177035637,ZAF,GBR,Africa,0,Europe,0,0.927,0.764,5.069824481193601e-06,0.0967779209776401,port493_land,GBR
mine_1741,ZAF,Copper,,,,,,,,,,,,,,,0.0,19089.008177035637,ZAF,GEO,Africa,0,Europe,0,489.528,522.5,0.0034672556170466705,66.18647082567664,port1016_land,GEO
mine_1741,ZAF,Copper,,,,,,,,,,,,,,,0.0,19089.008177035637,ZAF,KHM,Africa,0,Asia,0,3695.596,8031.359,0.05329526240242743,1017.3536997971971,port535_land,KHM
mine_1741,ZAF,Copper,,,,,,,,,,,,,,,0.0,19089.008177035637,ZAF,MYS,Africa,0,Asia,0,481.576,1256.395,0.008337306451635123,159.15091102971482,port672_land,MYS
mine_1741,ZAF,Copper,,,,,,,,,,,,,,,0.0,19089.008177035637,ZAF,NLD,Africa,0,Europe,0,2.543,0.07,4.6451271424548695e-07,0.008867087000569119,port1114_land,NLD
mine_1741,ZAF,Copper,,,,,,,,,,,,,,,0.0,19089.008177035637,ZAF,RUS,Africa,0,Europe,0,2.018,0.008,5.3087167342341363e-08,0.0010133813714936135,port1095_land,RUS
mine_1741,ZAF,Copper,,,,,,,,,,,,,,,0.0,19089.008177035637,ZAF,TUR,Africa,0,Asia,0,0.134,0.018,1.1944612652026805e-07,0.00228010808586063,port1406_land,TUR
mine_1741,ZAF,Copper,,,,,,,,,,,,,,,0.0,19089.008177035637,ZAF,TWN,Africa,0,Asia,0,2493.233,2086.224,0.013843965325201097,264.2675672953616,port541_land,TWN
mine_1741,ZAF,Copper,,,,,,,,,,,,,,,0.0,19089.008177035637,ZAF,USA,Africa,0,North America,0,0.02,0.27,1.7916918978040211e-06,0.03420162128790946,port812_land,USA
mine_1747,ZAF,Copper,,,,,,,,,,,,,,,0.0,8185.837731893222,ZAF,AUS,Africa,0,Oceania,0,2243.85,611.793,0.004059794671234131,33.232820403527384,port955_land,AUS
mine_1747,ZAF,Copper,,,,,,,,,,,,,,,0.0,8185.837731893222,ZAF,AUT,Africa,0,Europe,1,8.716,22.437,0.00014888959670751416,1.2187860786147342,port446_land,AUT
mine_1747,ZAF,Copper,,,,,,,,,,,,,,,0.0,8185.837731893222,ZAF,BGR,Africa,0,Europe,0,225.105,83.326,0.000552942663245992,4.526298916372569,port1355_land,BGR
mine_1747,ZAF,Copper,,,,,,,,,,,,,,,0.0,8185.837731893222,ZAF,BRA,Africa,0,South America,0,0.053,0.023,1.5262560610923142e-07,0.0012493684453420192,port506_land,BRA
mine_1747,ZAF,Copper,,,,,,,,,,,,,,,0.0,8185.837731893222,ZAF,CAN,Africa,0,North America,0,0.049,0.004,2.6543583671170682e-08,0.00021728146875513377,port1350_land,CAN
mine_1747,ZAF,Copper,,,,,,,,,,,,,,,0.0,8185.837731893222,ZAF,CHN,Africa,0,Asia,0,204446.308,100494.827,0.6668732122485806,5458.915903213268,port1195_land,CHN
mine_1747,ZAF,Copper,,,,,,,,,,,,,,,0.0,8185.837731893222,ZAF,DEU,Africa,0,Europe,0,0.014,0.003,1.990768775337801e-08,0.00016296110156635031,port446_land,DEU
mine_1747,ZAF,Copper,,,,,,,,,,,,,,,0.0,8185.837731893222,ZAF,ESP,Africa,0,Europe,0,1.532,0.11,7.299485509571937e-07,0.005975240390766179,port635_land,ESP
mine_1747,ZAF,Copper,,,,,,,,,,,,,,,0.0,8185.837731893222,ZAF,FIN,Africa,0,Europe,0,0.075,0.026,1.725332938626094e-07,0.0014123295469083692,port586_land,FIN
mine_1747,ZAF,Copper,,,,,,,,,,,,,,,0.0,8185.837731893222,ZAF,GBR,Africa,0,Europe,0,0.927,0.764,5.069824481193601e-06,0.041500760532230556,port493_land,GBR
mine_1747,ZAF,Copper,,,,,,,,,,,,,,,0.0,8185.837731893222,ZAF,GEO,Africa,0,Europe,0,489.528,522.5,0.0034672556170466705,28.38239185613935,port1016_land,GEO
mine_1747,ZAF,Copper,,,,,,,,,,,,,,,0.0,8185.837731893222,ZAF,KHM,Africa,0,Asia,0,3695.596,8031.359,0.05329526240242743,436.26636990494063,port535_land,KHM
mine_1747,ZAF,Copper,,,,,,,,,,,,,,,0.0,8185.837731893222,ZAF,MYS,Africa,0,Asia,0,481.576,1256.395,0.008337306451635123,68.24783773415157,port672_land,MYS
mine_1747,ZAF,Copper,,,,,,,,,,,,,,,0.0,8185.837731893222,ZAF,NLD,Africa,0,Europe,0,2.543,0.07,4.6451271424548695e-07,0.0038024257032148413,port1114_land,NLD
mine_1747,ZAF,Copper,,,,,,,,,,,,,,,0.0,8185.837731893222,ZAF,RUS,Africa,0,Europe,0,2.018,0.008,5.3087167342341363e-08,0.00043456293751026754,port1095_land,RUS
mine_1747,ZAF,Copper,,,,,,,,,,,,,,,0.0,8185.837731893222,ZAF,TUR,Africa,0,Asia,0,0.134,0.018,1.1944612652026805e-07,0.0009777666093981018,port1406_land,TUR
mine_1747,ZAF,Copper,,,,,,,,,,,,,,,0.0,8185.837731893222,ZAF,TWN,Africa,0,Asia,0,2493.233,2086.224,0.013843965325201097,113.32445371805255,port541_land,TWN
mine_1747,ZAF,Copper,,,,,,,,,,,,,,,0.0,8185.837731893222,ZAF,USA,Africa,0,North America,0,0.02,0.27,1.7916918978040211e-06,0.01466649914097153,port812_land,USA
mine_1759,ZAF,Zinc,Lead,Copper,Silver,IronOre,,,,,,,,,,,0.0,101805.8336611392,ZAF,AUS,Africa,0,Oceania,0,2243.85,611.793,0.004059794671234131,413.31078099804125,port955_land,AUS
mine_1759,ZAF,Zinc,Lead,Copper,Silver,IronOre,,,,,,,,,,,0.0,101805.8336611392,ZAF,AUT,Africa,0,Europe,1,8.716,22.437,0.00014888959670751416,15.157829516279286,port446_land,AUT
mine_1759,ZAF,Zinc,Lead,Copper,Silver,IronOre,,,,,,,,,,,0.0,101805.8336611392,ZAF,BGR,Africa,0,Europe,0,225.105,83.326,0.000552942663245992,56.29278879856877,port1355_land,BGR
mine_1759,ZAF,Zinc,Lead,Copper,Silver,IronOre,,,,,,,,,,,0.0,101805.8336611392,ZAF,BRA,Africa,0,South America,0,0.053,0.023,1.5262560610923142e-07,0.015538177067986965,port506_land,BRA
mine_1759,ZAF,Zinc,Lead,Copper,Silver,IronOre,,,,,,,,,,,0.0,101805.8336611392,ZAF,CAN,Africa,0,North America,0,0.049,0.004,2.6543583671170682e-08,0.002702291663997733,port1350_land,CAN
mine_1759,ZAF,Zinc,Lead,Copper,Silver,IronOre,,,,,,,,,,,0.0,101805.8336611392,ZAF,CHN,Africa,0,Asia,0,204446.308,100494.827,0.6668732122485806,67891.58331924857,port1195_land,CHN
mine_1759,ZAF,Zinc,Lead,Copper,Silver,IronOre,,,,,,,,,,,0.0,101805.8336611392,ZAF,DEU,Africa,0,Europe,0,0.014,0.003,1.990768775337801e-08,0.0020267187479983,port446_land,DEU
mine_1759,ZAF,Zinc,Lead,Copper,Silver,IronOre,,,,,,,,,,,0.0,101805.8336611392,ZAF,ESP,Africa,0,Europe,0,1.532,0.11,7.299485509571937e-07,0.07431302075993766,port635_land,ESP
mine_1759,ZAF,Zinc,Lead,Copper,Silver,IronOre,,,,,,,,,,,0.0,101805.8336611392,ZAF,FIN,Africa,0,Europe,0,0.075,0.026,1.725332938626094e-07,0.017564895815985263,port586_land,FIN
mine_1759,ZAF,Zinc,Lead,Copper,Silver,IronOre,,,,,,,,,,,0.0,101805.8336611392,ZAF,GBR,Africa,0,Europe,0,0.927,0.764,5.069824481193601e-06,0.516137707823567,port493_land,GBR
mine_1759,ZAF,Zinc,Lead,Copper,Silver,IronOre,,,,,,,,,,,0.0,101805.8336611392,ZAF,GEO,Africa,0,Europe,0,489.528,522.5,0.0034672556170466705,352.9868486097039,port1016_land,GEO
mine_1759,ZAF,Zinc,Lead,Copper,Silver,IronOre,,,,,,,,,,,0.0,101805.8336611392,ZAF,KHM,Africa,0,Asia,0,3695.596,8031.359,0.05329526240242743,5425.7686190682925,port535_land,KHM
mine_1759,ZAF,Zinc,Lead,Copper,Silver,IronOre,,,,,,,,,,,0.0,101805.8336611392,ZAF,MYS,Africa,0,Asia,0,481.576,1256.395,0.008337306451635123,848.786433797108,port672_land,MYS
mine_1759,ZAF,Zinc,Lead,Copper,Silver,IronOre,,,,,,,,,,,0.0,101805.8336611392,ZAF,NLD,Africa,0,Europe,0,2.543,0.07,4.6451271424548695e-07,0.04729010411996033,port1114_land,NLD
mine_1759,ZAF,Zinc,Lead,Copper,Silver,IronOre,,,,,,,,,,,0.0,101805.8336611392,ZAF,RUS,Africa,0,Europe,0,2.018,0.008,5.3087167342341363e-08,0.005404583327995466,port1095_land,RUS
mine_1759,ZAF,Zinc,Lead,Copper,Silver,IronOre,,,,,,,,,,,0.0,101805.8336611392,ZAF,TUR,Africa,0,Asia,0,0.134,0.018,1.1944612652026805e-07,0.012160312487989797,port1406_land,TUR
mine_1759,ZAF,Zinc,Lead,Copper,Silver,IronOre,,,,,,,,,,,0.0,101805.8336611392,ZAF,TWN,Africa,0,Asia,0,2493.233,2086.224,0.013843965325201097,1409.3964311080017,port541_land,TWN
mine_1759,ZAF,Zinc,Lead,Copper,Silver,IronOre,,,,,,,,,,,0.0,101805.8336611392,ZAF,USA,Africa,0,North America,0,0.02,0.27,1.7916918978040211e-06,0.182404687319847,port812_land,USA
mine_1990,NAM,Zinc,Lead,Silver,IronOre,Copper,,,,,,,,,,,0.0,99434.80244886425,NAM,ARE,Africa,0,Asia,0,0.094,0.04,0.0011156978690170702,110.9391971983312,port747_land,ARE
mine_1990,NAM,Zinc,Lead,Silver,IronOre,Copper,,,,,,,,,,,0.0,99434.80244886425,NAM,CHN,Africa,0,Asia,0,0.162,0.001,2.7892446725426758e-05,2.77347992995828,port1195_land,CHN
mine_1990,NAM,Zinc,Lead,Silver,IronOre,Copper,,,,,,,,,,,0.0,99434.80244886425,NAM,ESP,Africa,0,Europe,0,0.105,0.004,0.00011156978690170703,11.09391971983312,port635_land,ESP
mine_1990,NAM,Zinc,Lead,Silver,IronOre,Copper,,,,,,,,,,,0.0,99434.80244886425,NAM,NLD,Africa,0,Europe,0,0.386,0.009,0.00025103202052884077,24.96131936962452,port1114_land,NLD
mine_2142,ZAF,Platinum,Nickel,Chromite,Copper,Palladium,,,,,,,,,,,0.0,2777.668828114971,ZAF,AUS,Africa,0,Oceania,0,2243.85,611.793,0.004059794671234131,11.276765106834313,port955_land,AUS
mine_2142,ZAF,Platinum,Nickel,Chromite,Copper,Palladium,,,,,,,,,,,0.0,2777.668828114971,ZAF,AUT,Africa,0,Europe,1,8.716,22.437,0.00014888959670751416,0.41356599160507146,port446_land,AUT
mine_2142,ZAF,Platinum,Nickel,Chromite,Copper,Palladium,,,,,,,,,,,0.0,2777.668828114971,ZAF,BGR,Africa,0,Europe,0,225.105,83.326,0.000552942663245992,1.5358915994332658,port1355_land,BGR
mine_2142,ZAF,Platinum,Nickel,Chromite,Copper,Palladium,,,,,,,,,,,0.0,2777.668828114971,ZAF,BRA,Africa,0,South America,0,0.053,0.023,1.5262560610923142e-07,0.000423943388461766,port506_land,BRA
mine_2142,ZAF,Platinum,Nickel,Chromite,Copper,Palladium,,,,,,,,,,,0.0,2777.668828114971,ZAF,CAN,Africa,0,North America,0,0.049,0.004,2.6543583671170682e-08,7.372928494987234e-05,port1350_land,CAN
mine_2142,ZAF,Platinum,Nickel,Chromite,Copper,Palladium,,,,,,,,,,,0.0,2777.668828114971,ZAF,CHN,Africa,0,Asia,0,204446.308,100494.827,0.6668732122485806,1852.3529339677812,port1195_land,CHN
mine_2142,ZAF,Platinum,Nickel,Chromite,Copper,Palladium,,,,,,,,,,,0.0,2777.668828114971,ZAF,DEU,Africa,0,Europe,0,0.014,0.003,1.990768775337801e-08,5.529696371240426e-05,port446_land,DEU
mine_2142,ZAF,Platinum,Nickel,Chromite,Copper,Palladium,,,,,,,,,,,0.0,2777.668828114971,ZAF,ESP,Africa,0,Europe,0,1.532,0.11,7.299485509571937e-07,0.0020275553361214895,port635_land,ESP
mine_2142,ZAF,Platinum,Nickel,Chromite,Copper,Palladium,,,,,,,,,,,0.0,2777.668828114971,ZAF,FIN,Africa,0,Europe,0,0.075,0.026,1.725332938626094e-07,0.00047924035217417017,port586_land,FIN
mine_2142,ZAF,Platinum,Nickel,Chromite,Copper,Palladium,,,,,,,,,,,0.0,2777.668828114971,ZAF,GBR,Africa,0,Europe,0,0.927,0.764,5.069824481193601e-06,0.01408229342542562,port493_land,GBR
mine_2142,ZAF,Platinum,Nickel,Chromite,Copper,Palladium,,,,,,,,,,,0.0,2777.668828114971,ZAF,GEO,Africa,0,Europe,0,489.528,522.5,0.0034672556170466705,9.630887846577076,port1016_land,GEO
mine_2142,ZAF,Platinum,Nickel,Chromite,Copper,Palladium,,,,,,,,,,,0.0,2777.668828114971,ZAF,KHM,Africa,0,Asia,0,3695.596,8031.359,0.05329526240242743,148.03658906143045,port535_land,KHM
mine_2142,ZAF,Platinum,Nickel,Chromite,Copper,Palladium,,,,,,,,,,,0.0,2777.668828114971,ZAF,MYS,Africa,0,Asia,0,481.576,1256.395,0.008337306451635123,23.158276241148716,port672_land,MYS
mine_2142,ZAF,Platinum,Nickel,Chromite,Copper,Palladium,,,,,,,,,,,0.0,2777.668828114971,ZAF,NLD,Africa,0,Europe,0,2.543,0.07,4.6451271424548695e-07,0.001290262486622766,port1114_land,NLD
mine_2142,ZAF,Platinum,Nickel,Chromite,Copper,Palladium,,,,,,,,,,,0.0,2777.668828114971,ZAF,RUS,Africa,0,Europe,0,2.018,0.008,5.3087167342341363e-08,0.0001474585698997447,port1095_land,RUS
mine_2142,ZAF,Platinum,Nickel,Chromite,Copper,Palladium,,,,,,,,,,,0.0,2777.668828114971,ZAF,TUR,Africa,0,Asia,0,0.134,0.018,1.1944612652026805e-07,0.0003317817822744255,port1406_land,TUR
mine_2142,ZAF,Platinum,Nickel,Chromite,Copper,Palladium,,,,,,,,,,,0.0,2777.668828114971,ZAF,TWN,Africa,0,Asia,0,2493.233,2086.224,0.013843965325201097,38.453950941315625,port541_land,TWN
mine_2142,ZAF,Platinum,Nickel,Chromite,Copper,Palladium,,,,,,,,,,,0.0,2777.668828114971,ZAF,USA,Africa,0,North America,0,0.02,0.27,1.7916918978040211e-06,0.004976726734116384,port812_land,USA
mine_2842,ZAF,Nickel,Copper,Platinum,Palladium,Chromite,Cobalt,,,,,,,,,,0.0,18651.13191186683,ZAF,AUS,Africa,0,Oceania,0,2243.85,611.793,0.004059794671234131,75.7197659482818,port955_land,AUS
mine_2842,ZAF,Nickel,Copper,Platinum,Palladium,Chromite,Cobalt,,,,,,,,,,0.0,18651.13191186683,ZAF,AUT,Africa,0,Europe,1,8.716,22.437,0.00014888959670751416,2.7769595084964998,port446_land,AUT
mine_2842,ZAF,Nickel,Copper,Platinum,Palladium,Chromite,Cobalt,,,,,,,,,,0.0,18651.13191186683,ZAF,BGR,Africa,0,Europe,0,225.105,83.326,0.000552942663245992,10.313006551899957,port1355_land,BGR
mine_2842,ZAF,Nickel,Copper,Platinum,Palladium,Chromite,Cobalt,,,,,,,,,,0.0,18651.13191186683,ZAF,BRA,Africa,0,South America,0,0.053,0.023,1.5262560610923142e-07,0.002846640312671903,port506_land,BRA
mine_2842,ZAF,Nickel,Copper,Platinum,Palladium,Chromite,Cobalt,,,,,,,,,,0.0,18651.13191186683,ZAF,CAN,Africa,0,North America,0,0.049,0.004,2.6543583671170682e-08,0.0004950678804646788,port1350_land,CAN
mine_2842,ZAF,Nickel,Copper,Platinum,Palladium,Chromite,Cobalt,,,,,,,,,,0.0,18651.13191186683,ZAF,CHN,Africa,0,Asia,0,204446.308,100494.827,0.6668732122485806,12437.940250138643,port1195_land,CHN
mine_2842,ZAF,Nickel,Copper,Platinum,Palladium,Chromite,Cobalt,,,,,,,,,,0.0,18651.13191186683,ZAF,DEU,Africa,0,Europe,0,0.014,0.003,1.990768775337801e-08,0.00037130091034850906,port446_land,DEU
mine_2842,ZAF,Nickel,Copper,Platinum,Palladium,Chromite,Cobalt,,,,,,,,,,0.0,18651.13191186683,ZAF,ESP,Africa,0,Europe,0,1.532,0.11,7.299485509571937e-07,0.013614366712778667,port635_land,ESP
mine_2842,ZAF,Nickel,Copper,Platinum,Palladium,Chromite,Cobalt,,,,,,,,,,0.0,18651.13191186683,ZAF,FIN,Africa,0,Europe,0,0.075,0.026,1.725332938626094e-07,0.003217941223020412,port586_land,FIN
mine_2842,ZAF,Nickel,Copper,Platinum,Palladium,Chromite,Cobalt,,,,,,,,,,0.0,18651.13191186683,ZAF,GBR,Africa,0,Europe,0,0.927,0.764,5.069824481193601e-06,0.09455796516875366,port493_land,GBR
mine_2842,ZAF,Nickel,Copper,Platinum,Palladium,Chromite,Cobalt,,,,,,,,,,0.0,18651.13191186683,ZAF,GEO,Africa,0,Europe,0,489.528,522.5,0.0034672556170466705,64.66824188569866,port1016_land,GEO
mine_2842,ZAF,Nickel,Copper,Platinum,Palladium,Chromite,Cobalt,,,,,,,,,,0.0,18651.13191186683,ZAF,KHM,Africa,0,Asia,0,3695.596,8031.359,0.05329526240242743,994.0169693452306,port535_land,KHM
mine_2842,ZAF,Nickel,Copper,Platinum,Palladium,Chromite,Cobalt,,,,,,,,,,0.0,18651.13191186683,ZAF,MYS,Africa,0,Asia,0,481.576,1256.395,0.008337306451635123,155.50020241910502,port672_land,MYS
mine_2842,ZAF,Nickel,Copper,Platinum,Palladium,Chromite,Cobalt,,,,,,,,,,0.0,18651.13191186683,ZAF,NLD,Africa,0,Europe,0,2.543,0.07,4.6451271424548695e-07,0.008663687908131879,port1114_land,NLD
mine_2842,ZAF,Nickel,Copper,Platinum,Palladium,Chromite,Cobalt,,,,,,,,,,0.0,18651.13191186683,ZAF,RUS,Africa,0,Europe,0,2.018,0.008,5.3087167342341363e-08,0.0009901357609293576,port1095_land,RUS
mine_2842,ZAF,Nickel,Copper,Platinum,Palladium,Chromite,Cobalt,,,,,,,,,,0.0,18651.13191186683,ZAF,TUR,Africa,0,Asia,0,0.134,0.018,1.1944612652026805e-07,0.002227805462091054,port1406_land,TUR
mine_2842,ZAF,Nickel,Copper,Platinum,Palladium,Chromite,Cobalt,,,,,,,,,,0.0,18651.13191186683,ZAF,TWN,Africa,0,Asia,0,2493.233,2086.224,0.013843965325201097,258.205623463636,port541_land,TWN
mine_2842,ZAF,Nickel,Copper,Platinum,Palladium,Chromite,Cobalt,,,,,,,,,,0.0,18651.13191186683,ZAF,USA,Africa,0,North America,0,0.02,0.27,1.7916918978040211e-06,0.03341708193136582,port812_land,USA
mine_2852,ZAF,Palladium,Nickel,Copper,Platinum,,,,,,,,,,,,0.0,5301.602616921216,ZAF,AUS,Africa,0,Oceania,0,2243.85,611.793,0.004059794671234131,21.52341805317768,port955_land,AUS
mine_2852,ZAF,Palladium,Nickel,Copper,Platinum,,,,,,,,,,,,0.0,5301.602616921216,ZAF,AUT,Africa,0,Europe,1,8.716,22.437,0.00014888959670751416,0.7893534755369016,port446_land,AUT
mine_2852,ZAF,Palladium,Nickel,Copper,Platinum,,,,,,,,,,,,0.0,5301.602616921216,ZAF,BGR,Africa,0,Europe,0,225.105,83.326,0.000552942663245992,2.9314822704723382,port1355_land,BGR
mine_2852,ZAF,Palladium,Nickel,Copper,Platinum,,,,,,,,,,,,0.0,5301.602616921216,ZAF,BRA,Africa,0,South America,0,0.053,0.023,1.5262560610923142e-07,0.0008091603127578881,port506_land,BRA
mine_2852,ZAF,Palladium,Nickel,Copper,Platinum,,,,,,,,,,,,0.0,5301.602616921216,ZAF,CAN,Africa,0,North America,0,0.049,0.004,2.6543583671170682e-08,0.00014072353265354574,port1350_land,CAN
mine_2852,ZAF,Palladium,Nickel,Copper,Platinum,,,,,,,,,,,,0.0,5301.602616921216,ZAF,CHN,Africa,0,Asia,0,204446.308,100494.827,0.6668732122485806,3535.4967672117327,port1195_land,CHN
mine_2852,ZAF,Palladium,Nickel,Copper,Platinum,,,,,,,,,,,,0.0,5301.602616921216,ZAF,DEU,Africa,0,Europe,0,0.014,0.003,1.990768775337801e-08,0.00010554264949015931,port446_land,DEU
mine_2852,ZAF,Palladium,Nickel,Copper,Platinum,,,,,,,,,,,,0.0,5301.602616921216,ZAF,ESP,Africa,0,Europe,0,1.532,0.11,7.299485509571937e-07,0.003869897147972508,port635_land,ESP
mine_2852,ZAF,Palladium,Nickel,Copper,Platinum,,,,,,,,,,,,0.0,5301.602616921216,ZAF,FIN,Africa,0,Europe,0,0.075,0.026,1.725332938626094e-07,0.0009147029622480473,port586_land,FIN
mine_2852,ZAF,Palladium,Nickel,Copper,Platinum,,,,,,,,,,,,0.0,5301.602616921216,ZAF,GBR,Africa,0,Europe,0,0.927,0.764,5.069824481193601e-06,0.026878194736827243,port493_land,GBR
mine_2852,ZAF,Palladium,Nickel,Copper,Platinum,,,,,,,,,,,,0.0,5301.602616921216,ZAF,GEO,Africa,0,Europe,0,489.528,522.5,0.0034672556170466705,18.382011452869417,port1016_land,GEO
mine_2852,ZAF,Palladium,Nickel,Copper,Platinum,,,,,,,,,,,,0.0,5301.602616921216,ZAF,KHM,Africa,0,Asia,0,3695.596,8031.359,0.05329526240242743,282.55030262221214,port535_land,KHM
mine_2852,ZAF,Palladium,Nickel,Copper,Platinum,,,,,,,,,,,,0.0,5301.602616921216,ZAF,MYS,Africa,0,Asia,0,481.576,1256.395,0.008337306451635123,44.201085702062905,port672_land,MYS
mine_2852,ZAF,Palladium,Nickel,Copper,Platinum,,,,,,,,,,,,0.0,5301.602616921216,ZAF,NLD,Africa,0,Europe,0,2.543,0.07,4.6451271424548695e-07,0.002462661821437051,port1114_land,NLD
mine_2852,ZAF,Palladium,Nickel,Copper,Platinum,,,,,,,,,,,,0.0,5301.602616921216,ZAF,RUS,Africa,0,Europe,0,2.018,0.008,5.3087167342341363e-08,0.0002814470653070915,port1095_land,RUS
mine_2852,ZAF,Palladium,Nickel,Copper,Platinum,,,,,,,,,,,,0.0,5301.602616921216,ZAF,TUR,Africa,0,Asia,0,0.134,0.018,1.1944612652026805e-07,0.0006332558969409557,port1406_land,TUR
mine_2852,ZAF,Palladium,Nickel,Copper,Platinum,,,,,,,,,,,,0.0,5301.602616921216,ZAF,TWN,Africa,0,Asia,0,2493.233,2086.224,0.013843965325201097,73.39520279665271,port541_land,TWN
mine_2852,ZAF,Palladium,Nickel,Copper,Platinum,,,,,,,,,,,,0.0,5301.602616921216,ZAF,USA,Africa,0,North America,0,0.02,0.27,1.7916918978040211e-06,0.009498838454114339,port812_land,USA
mine_2859,ZAF,Nickel,Copper,Platinum,Palladium,Chromium,,,,,,,,,,,0.0,172424.85853758387,ZAF,AUS,Africa,0,Oceania,0,2243.85,611.793,0.004059794671234131,700.0095218791819,port955_land,AUS
mine_2859,ZAF,Nickel,Copper,Platinum,Palladium,Chromium,,,,,,,,,,,0.0,172424.85853758387,ZAF,AUT,Africa,0,Europe,1,8.716,22.437,0.00014888959670751416,25.672267650011044,port446_land,AUT
mine_2859,ZAF,Nickel,Copper,Platinum,Palladium,Chromium,,,,,,,,,,,0.0,172424.85853758387,ZAF,BGR,Africa,0,Europe,0,225.105,83.326,0.000552942663245992,95.34106048958506,port1355_land,BGR
mine_2859,ZAF,Nickel,Copper,Platinum,Palladium,Chromium,,,,,,,,,,,0.0,172424.85853758387,ZAF,BRA,Africa,0,South America,0,0.053,0.023,1.5262560610923142e-07,0.026316448542597223,port506_land,BRA
mine_2859,ZAF,Nickel,Copper,Platinum,Palladium,Chromium,,,,,,,,,,,0.0,172424.85853758387,ZAF,CAN,Africa,0,North America,0,0.049,0.004,2.6543583671170682e-08,0.004576773659582126,port1350_land,CAN
mine_2859,ZAF,Nickel,Copper,Platinum,Palladium,Chromium,,,,,,,,,,,0.0,172424.85853758387,ZAF,CHN,Africa,0,Asia,0,204446.308,100494.827,0.6668732122485806,114985.51928446567,port1195_land,CHN
mine_2859,ZAF,Nickel,Copper,Platinum,Palladium,Chromium,,,,,,,,,,,0.0,172424.85853758387,ZAF,DEU,Africa,0,Europe,0,0.014,0.003,1.990768775337801e-08,0.0034325802446865945,port446_land,DEU
mine_2859,ZAF,Nickel,Copper,Platinum,Palladium,Chromium,,,,,,,,,,,0.0,172424.85853758387,ZAF,ESP,Africa,0,Europe,0,1.532,0.11,7.299485509571937e-07,0.12586127563850846,port635_land,ESP
mine_2859,ZAF,Nickel,Copper,Platinum,Palladium,Chromium,,,,,,,,,,,0.0,172424.85853758387,ZAF,FIN,Africa,0,Europe,0,0.075,0.026,1.725332938626094e-07,0.029749028787283815,port586_land,FIN
mine_2859,ZAF,Nickel,Copper,Platinum,Palladium,Chromium,,,,,,,,,,,0.0,172424.85853758387,ZAF,GBR,Africa,0,Europe,0,0.927,0.764,5.069824481193601e-06,0.8741637689801861,port493_land,GBR
mine_2859,ZAF,Nickel,Copper,Platinum,Palladium,Chromium,,,,,,,,,,,0.0,172424.85853758387,ZAF,GEO,Africa,0,Europe,0,489.528,522.5,0.0034672556170466705,597.8410592829152,port1016_land,GEO
mine_2859,ZAF,Nickel,Copper,Platinum,Palladium,Chromium,,,,,,,,,,,0.0,172424.85853758387,ZAF,KHM,Africa,0,Asia,0,3695.596,8031.359,0.05329526240242743,9189.428080461961,port535_land,KHM
mine_2859,ZAF,Nickel,Copper,Platinum,Palladium,Chromium,,,,,,,,,,,0.0,172424.85853758387,ZAF,MYS,Africa,0,Asia,0,481.576,1256.395,0.008337306451635123,1437.5588855076714,port672_land,MYS
mine_2859,ZAF,Nickel,Copper,Platinum,Palladium,Chromium,,,,,,,,,,,0.0,172424.85853758387,ZAF,NLD,Africa,0,Europe,0,2.543,0.07,4.6451271424548695e-07,0.0800935390426872,port1114_land,NLD
mine_2859,ZAF,Nickel,Copper,Platinum,Palladium,Chromium,,,,,,,,,,,0.0,172424.85853758387,ZAF,RUS,Africa,0,Europe,0,2.018,0.008,5.3087167342341363e-08,0.009153547319164252,port1095_land,RUS
mine_2859,ZAF,Nickel,Copper,Platinum,Palladium,Chromium,,,,,,,,,,,0.0,172424.85853758387,ZAF,TUR,Africa,0,Asia,0,0.134,0.018,1.1944612652026805e-07,0.020595481468119563,port1406_land,TUR
mine_2859,ZAF,Nickel,Copper,Platinum,Palladium,Chromium,,,,,,,,,,,0.0,172424.85853758387,ZAF,TWN,Africa,0,Asia,0,2493.233,2086.224,0.013843965325201097,2387.0437627970155,port541_land,TWN
mine_2859,ZAF,Nickel,Copper,Platinum,Palladium,Chromium,,,,,,,,,,,0.0,172424.85853758387,ZAF,USA,Africa,0,North America,0,0.02,0.27,1.7916918978040211e-06,0.30893222202179355,port812_land,USA
mine_2921,ZAF,Platinum,Palladium,Copper,Nickel,,,,,,,,,,,,0.0,23898.353400968117,ZAF,AUS,Africa,0,Oceania,0,2243.85,611.793,0.004059794671234131,97.02240778852044,port955_land,AUS
mine_2921,ZAF,Platinum,Palladium,Copper,Nickel,,,,,,,,,,,,0.0,23898.353400968117,ZAF,AUT,Africa,0,Europe,1,8.716,22.437,0.00014888959670751416,3.5582161998437924,port446_land,AUT
mine_2921,ZAF,Platinum,Palladium,Copper,Nickel,,,,,,,,,,,,0.0,23898.353400968117,ZAF,BGR,Africa,0,Europe,0,225.105,83.326,0.000552942663245992,13.214419176725222,port1355_land,BGR
mine_2921,ZAF,Platinum,Palladium,Copper,Nickel,,,,,,,,,,,,0.0,23898.353400968117,ZAF,BRA,Africa,0,South America,0,0.053,0.023,1.5262560610923142e-07,0.003647500672835371,port506_land,BRA
mine_2921,ZAF,Platinum,Palladium,Copper,Nickel,,,,,,,,,,,,0.0,23898.353400968117,ZAF,CAN,Africa,0,North America,0,0.049,0.004,2.6543583671170682e-08,0.0006343479431018036,port1350_land,CAN
mine_2921,ZAF,Platinum,Palladium,Copper,Nickel,,,,,,,,,,,,0.0,23898.353400968117,ZAF,CHN,Africa,0,Asia,0,204446.308,100494.827,0.6668732122485806,15937.171699955401,port1195_land,CHN
mine_2921,ZAF,Platinum,Palladium,Copper,Nickel,,,,,,,,,,,,0.0,23898.353400968117,ZAF,DEU,Africa,0,Europe,0,0.014,0.003,1.990768775337801e-08,0.0004757609573263527,port446_land,DEU
mine_2921,ZAF,Platinum,Palladium,Copper,Nickel,,,,,,,,,,,,0.0,23898.353400968117,ZAF,ESP,Africa,0,Europe,0,1.532,0.11,7.299485509571937e-07,0.0174445684352996,port635_land,ESP
mine_2921,ZAF,Platinum,Palladium,Copper,Nickel,,,,,,,,,,,,0.0,23898.353400968117,ZAF,FIN,Africa,0,Europe,0,0.075,0.026,1.725332938626094e-07,0.004123261630161724,port586_land,FIN
mine_2921,ZAF,Platinum,Palladium,Copper,Nickel,,,,,,,,,,,,0.0,23898.353400968117,ZAF,GBR,Africa,0,Europe,0,0.927,0.764,5.069824481193601e-06,0.12116045713244451,port493_land,GBR
mine_2921,ZAF,Platinum,Palladium,Copper,Nickel,,,,,,,,,,,,0.0,23898.353400968117,ZAF,GEO,Africa,0,Europe,0,489.528,522.5,0.0034672556170466705,82.86170006767311,port1016_land,GEO
mine_2921,ZAF,Platinum,Palladium,Copper,Nickel,,,,,,,,,,,,0.0,23898.353400968117,ZAF,KHM,Africa,0,Asia,0,3695.596,8031.359,0.05329526240242743,1273.6690154905398,port535_land,KHM
mine_2921,ZAF,Platinum,Palladium,Copper,Nickel,,,,,,,,,,,,0.0,23898.353400968117,ZAF,MYS,Africa,0,Asia,0,481.576,1256.395,0.008337306451635123,199.24789599334767,port672_land,MYS
mine_2921,ZAF,Platinum,Palladium,Copper,Nickel,,,,,,,,,,,,0.0,23898.353400968117,ZAF,NLD,Africa,0,Europe,0,2.543,0.07,4.6451271424548695e-07,0.011101089004281564,port1114_land,NLD
mine_2921,ZAF,Platinum,Palladium,Copper,Nickel,,,,,,,,,,,,0.0,23898.353400968117,ZAF,RUS,Africa,0,Europe,0,2.018,0.008,5.3087167342341363e-08,0.0012686958862036073,port1095_land,RUS
mine_2921,ZAF,Platinum,Palladium,Copper,Nickel,,,,,,,,,,,,0.0,23898.353400968117,ZAF,TUR,Africa,0,Asia,0,0.134,0.018,1.1944612652026805e-07,0.002854565743958116,port1406_land,TUR
mine_2921,ZAF,Platinum,Palladium,Copper,Nickel,,,,,,,,,,,,0.0,23898.353400968117,ZAF,TWN,Africa,0,Asia,0,2493.233,2086.224,0.013843965325201097,330.8479758124043,port541_land,TWN
mine_2921,ZAF,Platinum,Palladium,Copper,Nickel,,,,,,,,,,,,0.0,23898.353400968117,ZAF,USA,Africa,0,North America,0,0.02,0.27,1.7916918978040211e-06,0.04281848615937175,port812_land,USA
mine_2956,ZAF,Platinum,Nickel,Copper,Palladium,,,,,,,,,,,,0.0,106.55953657083907,ZAF,AUS,Africa,0,Oceania,0,2243.85,611.793,0.004059794671234131,0.43260983873947095,port955_land,AUS
mine_2956,ZAF,Platinum,Nickel,Copper,Palladium,,,,,,,,,,,,0.0,106.55953657083907,ZAF,AUT,Africa,0,Europe,1,8.716,22.437,0.00014888959670751416,0.015865606425371836,port446_land,AUT
mine_2956,ZAF,Platinum,Nickel,Copper,Palladium,,,,,,,,,,,,0.0,106.55953657083907,ZAF,BGR,Africa,0,Europe,0,225.105,83.326,0.000552942663245992,0.05892131394573844,port1355_land,BGR
mine_2956,ZAF,Platinum,Nickel,Copper,Palladium,,,,,,,,,,,,0.0,106.55953657083907,ZAF,BRA,Africa,0,South America,0,0.053,0.023,1.5262560610923142e-07,1.6263713855843124e-05,port506_land,BRA
mine_2956,ZAF,Platinum,Nickel,Copper,Palladium,,,,,,,,,,,,0.0,106.55953657083907,ZAF,CAN,Africa,0,North America,0,0.049,0.004,2.6543583671170682e-08,2.828471974929239e-06,port1350_land,CAN
mine_2956,ZAF,Platinum,Nickel,Copper,Palladium,,,,,,,,,,,,0.0,106.55953657083907,ZAF,CHN,Africa,0,Asia,0,204446.308,100494.827,0.6668732122485806,71.06170044871556,port1195_land,CHN
mine_2956,ZAF,Platinum,Nickel,Copper,Palladium,,,,,,,,,,,,0.0,106.55953657083907,ZAF,DEU,Africa,0,Europe,0,0.014,0.003,1.990768775337801e-08,2.121353981196929e-06,port446_land,DEU
mine_2956,ZAF,Platinum,Nickel,Copper,Palladium,,,,,,,,,,,,0.0,106.55953657083907,ZAF,ESP,Africa,0,Europe,0,1.532,0.11,7.299485509571937e-07,7.778297931055407e-05,port635_land,ESP
mine_2956,ZAF,Platinum,Nickel,Copper,Palladium,,,,,,,,,,,,0.0,106.55953657083907,ZAF,FIN,Africa,0,Europe,0,0.075,0.026,1.725332938626094e-07,1.8385067837040053e-05,port586_land,FIN
mine_2956,ZAF,Platinum,Nickel,Copper,Palladium,,,,,,,,,,,,0.0,106.55953657083907,ZAF,GBR,Africa,0,Europe,0,0.927,0.764,5.069824481193601e-06,0.0005402381472114847,port493_land,GBR
mine_2956,ZAF,Platinum,Nickel,Copper,Palladium,,,,,,,,,,,,0.0,106.55953657083907,ZAF,GEO,Africa,0,Europe,0,489.528,522.5,0.0034672556170466705,0.3694691517251319,port1016_land,GEO
mine_2956,ZAF,Platinum,Nickel,Copper,Palladium,,,,,,,,,,,,0.0,106.55953657083907,ZAF,KHM,Africa,0,Asia,0,3695.596,8031.359,0.05329526240242743,5.67911846302393,port535_land,KHM
mine_2956,ZAF,Platinum,Nickel,Copper,Palladium,,,,,,,,,,,,0.0,106.55953657083907,ZAF,MYS,Africa,0,Asia,0,481.576,1256.395,0.008337306451635123,0.8884195117353054,port672_land,MYS
mine_2956,ZAF,Platinum,Nickel,Copper,Palladium,,,,,,,,,,,,0.0,106.55953657083907,ZAF,NLD,Africa,0,Europe,0,2.543,0.07,4.6451271424548695e-07,4.9498259561261684e-05,port1114_land,NLD
mine_2956,ZAF,Platinum,Nickel,Copper,Palladium,,,,,,,,,,,,0.0,106.55953657083907,ZAF,RUS,Africa,0,Europe,0,2.018,0.008,5.3087167342341363e-08,5.656943949858478e-06,port1095_land,RUS
mine_2956,ZAF,Platinum,Nickel,Copper,Palladium,,,,,,,,,,,,0.0,106.55953657083907,ZAF,TUR,Africa,0,Asia,0,0.134,0.018,1.1944612652026805e-07,1.2728123887181574e-05,port1406_land,TUR
mine_2956,ZAF,Platinum,Nickel,Copper,Palladium,,,,,,,,,,,,0.0,106.55953657083907,ZAF,TWN,Africa,0,Asia,0,2493.233,2086.224,0.013843965325201097,1.4752065293561942,port541_land,TWN
mine_2956,ZAF,Platinum,Nickel,Copper,Palladium,,,,,,,,,,,,0.0,106.55953657083907,ZAF,USA,Africa,0,North America,0,0.02,0.27,1.7916918978040211e-06,0.00019092185830772365,port812_land,USA
mine_2957,ZAF,Nickel,Copper,Platinum,Palladium,Chromite,,,,,,,,,,,0.0,99351.45849006243,ZAF,AUS,Africa,0,Oceania,0,2243.85,611.793,0.004059794671234131,403.34652175729445,port955_land,AUS
mine_2957,ZAF,Nickel,Copper,Platinum,Palladium,Chromite,,,,,,,,,,,0.0,99351.45849006243,ZAF,AUT,Africa,0,Europe,1,8.716,22.437,0.00014888959670751416,14.79239858688873,port446_land,AUT
mine_2957,ZAF,Nickel,Copper,Platinum,Palladium,Chromite,,,,,,,,,,,0.0,99351.45849006243,ZAF,BGR,Africa,0,Europe,0,225.105,83.326,0.000552942663245992,54.93566005486875,port1355_land,BGR
mine_2957,ZAF,Nickel,Copper,Platinum,Palladium,Chromite,,,,,,,,,,,0.0,99351.45849006243,ZAF,BRA,Africa,0,South America,0,0.053,0.023,1.5262560610923142e-07,0.015163576569881924,port506_land,BRA
mine_2957,ZAF,Nickel,Copper,Platinum,Palladium,Chromite,,,,,,,,,,,0.0,99351.45849006243,ZAF,CAN,Africa,0,North America,0,0.049,0.004,2.6543583671170682e-08,0.002637143751283813,port1350_land,CAN
mine_2957,ZAF,Nickel,Copper,Platinum,Palladium,Chromite,,,,,,,,,,,0.0,99351.45849006243,ZAF,CHN,Africa,0,Asia,0,204446.308,100494.827,0.6668732122485806,66254.82626484946,port1195_land,CHN
mine_2957,ZAF,Nickel,Copper,Platinum,Palladium,Chromite,,,,,,,,,,,0.0,99351.45849006243,ZAF,DEU,Africa,0,Europe,0,0.014,0.003,1.990768775337801e-08,0.0019778578134628595,port446_land,DEU
mine_2957,ZAF,Nickel,Copper,Platinum,Palladium,Chromite,,,,,,,,,,,0.0,99351.45849006243,ZAF,ESP,Africa,0,Europe,0,1.532,0.11,7.299485509571937e-07,0.07252145316030485,port635_land,ESP
mine_2957,ZAF,Nickel,Copper,Platinum,Palladium,Chromite,,,,,,,,,,,0.0,99351.45849006243,ZAF,FIN,Africa,0,Europe,0,0.075,0.026,1.725332938626094e-07,0.017141434383344784,port586_land,FIN
mine_2957,ZAF,Nickel,Copper,Platinum,Palladium,Chromite,,,,,,,,,,,0.0,99351.45849006243,ZAF,GBR,Africa,0,Europe,0,0.927,0.764,5.069824481193601e-06,0.5036944564952083,port493_land,GBR
mine_2957,ZAF,Nickel,Copper,Platinum,Palladium,Chromite,,,,,,,,,,,0.0,99351.45849006243,ZAF,GEO,Africa,0,Europe,0,489.528,522.5,0.0034672556170466705,344.4769025114481,port1016_land,GEO
mine_2957,ZAF,Nickel,Copper,Platinum,Palladium,Chromite,,,,,,,,,,,0.0,99351.45849006243,ZAF,KHM,Africa,0,Asia,0,3695.596,8031.359,0.05329526240242743,5294.962050291753,port535_land,KHM
mine_2957,ZAF,Nickel,Copper,Platinum,Palladium,Chromite,,,,,,,,,,,0.0,99351.45849006243,ZAF,MYS,Africa,0,Asia,0,481.576,1256.395,0.008337306451635123,828.3235558485566,port672_land,MYS
mine_2957,ZAF,Nickel,Copper,Platinum,Palladium,Chromite,,,,,,,,,,,0.0,99351.45849006243,ZAF,NLD,Africa,0,Europe,0,2.543,0.07,4.6451271424548695e-07,0.04615001564746673,port1114_land,NLD
mine_2957,ZAF,Nickel,Copper,Platinum,Palladium,Chromite,,,,,,,,,,,0.0,99351.45849006243,ZAF,RUS,Africa,0,Europe,0,2.018,0.008,5.3087167342341363e-08,0.005274287502567626,port1095_land,RUS
mine_2957,ZAF,Nickel,Copper,Platinum,Palladium,Chromite,,,,,,,,,,,0.0,99351.45849006243,ZAF,TUR,Africa,0,Asia,0,0.134,0.018,1.1944612652026805e-07,0.011867146880777156,port1406_land,TUR
mine_2957,ZAF,Nickel,Copper,Platinum,Palladium,Chromite,,,,,,,,,,,0.0,99351.45849006243,ZAF,TWN,Africa,0,Asia,0,2493.233,2086.224,0.013843965325201097,1375.4181463445805,port541_land,TWN
mine_2957,ZAF,Nickel,Copper,Platinum,Palladium,Chromite,,,,,,,,,,,0.0,99351.45849006243,ZAF,USA,Africa,0,North America,0,0.02,0.27,1.7916918978040211e-06,0.1780072032116574,port812_land,USA
mine_2974,ZAF,Chromite,Nickel,Copper,Palladium,Platinum,,,,,,,,,,,0.0,6205.869231322034,ZAF,AUS,Africa,0,Oceania,0,2243.85,611.793,0.004059794671234131,25.194554835697044,port955_land,AUS
mine_2974,ZAF,Chromite,Nickel,Copper,Palladium,Platinum,,,,,,,,,,,0.0,6205.869231322034,ZAF,AUT,Africa,0,Europe,1,8.716,22.437,0.00014888959670751416,0.9239893670711085,port446_land,AUT
mine_2974,ZAF,Chromite,Nickel,Copper,Palladium,Platinum,,,,,,,,,,,0.0,6205.869231322034,ZAF,BGR,Africa,0,Europe,0,225.105,83.326,0.000552942663245992,3.4314898605235626,port1355_land,BGR
mine_2974,ZAF,Chromite,Nickel,Copper,Palladium,Platinum,,,,,,,,,,,0.0,6205.869231322034,ZAF,BRA,Africa,0,South America,0,0.053,0.023,1.5262560610923142e-07,0.0009471745528651554,port506_land,BRA
mine_2974,ZAF,Chromite,Nickel,Copper,Palladium,Platinum,,,,,,,,,,,0.0,6205.869231322034,ZAF,CAN,Africa,0,North America,0,0.049,0.004,2.6543583671170682e-08,0.0001647260091939401,port1350_land,CAN
mine_2974,ZAF,Chromite,Nickel,Copper,Palladium,Platinum,,,,,,,,,,,0.0,6205.869231322034,ZAF,CHN,Africa,0,Asia,0,204446.308,100494.827,0.6668732122485806,4138.527949086355,port1195_land,CHN
mine_2974,ZAF,Chromite,Nickel,Copper,Palladium,Platinum,,,,,,,,,,,0.0,6205.869231322034,ZAF,DEU,Africa,0,Europe,0,0.014,0.003,1.990768775337801e-08,0.00012354450689545506,port446_land,DEU
mine_2974,ZAF,Chromite,Nickel,Copper,Palladium,Platinum,,,,,,,,,,,0.0,6205.869231322034,ZAF,ESP,Africa,0,Europe,0,1.532,0.11,7.299485509571937e-07,0.004529965252833352,port635_land,ESP
mine_2974,ZAF,Chromite,Nickel,Copper,Palladium,Platinum,,,,,,,,,,,0.0,6205.869231322034,ZAF,FIN,Africa,0,Europe,0,0.075,0.026,1.725332938626094e-07,0.0010707190597606104,port586_land,FIN
mine_2974,ZAF,Chromite,Nickel,Copper,Palladium,Platinum,,,,,,,,,,,0.0,6205.869231322034,ZAF,GBR,Africa,0,Europe,0,0.927,0.764,5.069824481193601e-06,0.03146266775604256,port493_land,GBR
mine_2974,ZAF,Chromite,Nickel,Copper,Palladium,Platinum,,,,,,,,,,,0.0,6205.869231322034,ZAF,GEO,Africa,0,Europe,0,489.528,522.5,0.0034672556170466705,21.517334950958425,port1016_land,GEO
mine_2974,ZAF,Chromite,Nickel,Copper,Palladium,Platinum,,,,,,,,,,,0.0,6205.869231322034,ZAF,KHM,Africa,0,Asia,0,3695.596,8031.359,0.05329526240242743,330.7434291184584,port535_land,KHM
mine_2974,ZAF,Chromite,Nickel,Copper,Palladium,Platinum,,,,,,,,,,,0.0,6205.869231322034,ZAF,MYS,Africa,0,Asia,0,481.576,1256.395,0.008337306451635123,51.74023358030509,port672_land,MYS
mine_2974,ZAF,Chromite,Nickel,Copper,Palladium,Platinum,,,,,,,,,,,0.0,6205.869231322034,ZAF,NLD,Africa,0,Europe,0,2.543,0.07,4.6451271424548695e-07,0.0028827051608939515,port1114_land,NLD
mine_2974,ZAF,Chromite,Nickel,Copper,Palladium,Platinum,,,,,,,,,,,0.0,6205.869231322034,ZAF,RUS,Africa,0,Europe,0,2.018,0.008,5.3087167342341363e-08,0.0003294520183878802,port1095_land,RUS
mine_2974,ZAF,Chromite,Nickel,Copper,Palladium,Platinum,,,,,,,,,,,0.0,6205.869231322034,ZAF,TUR,Africa,0,Asia,0,0.134,0.018,1.1944612652026805e-07,0.0007412670413727302,port1406_land,TUR
mine_2974,ZAF,Chromite,Nickel,Copper,Palladium,Platinum,,,,,,,,,,,0.0,6205.869231322034,ZAF,TWN,Africa,0,Asia,0,2493.233,2086.224,0.013843965325201097,85.91383845115462,port541_land,TWN
mine_2974,ZAF,Chromite,Nickel,Copper,Palladium,Platinum,,,,,,,,,,,0.0,6205.869231322034,ZAF,USA,Africa,0,North America,0,0.02,0.27,1.7916918978040211e-06,0.011119005620590957,port812_land,USA
mine_2981,ZAF,Nickel,Copper,Platinum,Palladium,,,,,,,,,,,,0.0,7769.46193086076,ZAF,AUS,Africa,0,Oceania,0,2243.85,611.793,0.004059794671234131,31.542420145264956,port955_land,AUS
mine_2981,ZAF,Nickel,Copper,Platinum,Palladium,,,,,,,,,,,,0.0,7769.46193086076,ZAF,AUT,Africa,0,Europe,1,8.716,22.437,0.00014888959670751416,1.1567920535202427,port446_land,AUT
mine_2981,ZAF,Nickel,Copper,Platinum,Palladium,,,,,,,,,,,,0.0,7769.46193086076,ZAF,BGR,Africa,0,Europe,0,225.105,83.326,0.000552942663245992,4.2960669720384965,port1355_land,BGR
mine_2981,ZAF,Nickel,Copper,Platinum,Palladium,,,,,,,,,,,,0.0,7769.46193086076,ZAF,BRA,Africa,0,South America,0,0.053,0.023,1.5262560610923142e-07,0.001185818836340223,port506_land,BRA
mine_2981,ZAF,Nickel,Copper,Platinum,Palladium,,,,,,,,,,,,0.0,7769.46193086076,ZAF,CAN,Africa,0,North America,0,0.049,0.004,2.6543583671170682e-08,0.0002062293628417779,port1350_land,CAN
mine_2981,ZAF,Nickel,Copper,Platinum,Palladium,,,,,,,,,,,,0.0,7769.46193086076,ZAF,CHN,Africa,0,Asia,0,204446.308,100494.827,0.6668732122485806,5181.246035276175,port1195_land,CHN
mine_2981,ZAF,Nickel,Copper,Platinum,Palladium,,,,,,,,,,,,0.0,7769.46193086076,ZAF,DEU,Africa,0,Europe,0,0.014,0.003,1.990768775337801e-08,0.00015467202213133343,port446_land,DEU
mine_2981,ZAF,Nickel,Copper,Platinum,Palladium,,,,,,,,,,,,0.0,7769.46193086076,ZAF,ESP,Africa,0,Europe,0,1.532,0.11,7.299485509571937e-07,0.0056713074781488924,port635_land,ESP
mine_2981,ZAF,Nickel,Copper,Platinum,Palladium,,,,,,,,,,,,0.0,7769.46193086076,ZAF,FIN,Africa,0,Europe,0,0.075,0.026,1.725332938626094e-07,0.0013404908584715562,port586_land,FIN
mine_2981,ZAF,Nickel,Copper,Platinum,Palladium,,,,,,,,,,,,0.0,7769.46193086076,ZAF,GBR,Africa,0,Europe,0,0.927,0.764,5.069824481193601e-06,0.039389808302779585,port493_land,GBR
mine_2981,ZAF,Nickel,Copper,Platinum,Palladium,,,,,,,,,,,,0.0,7769.46193086076,ZAF,GEO,Africa,0,Europe,0,489.528,522.5,0.0034672556170466705,26.93871052120724,port1016_land,GEO
mine_2981,ZAF,Nickel,Copper,Platinum,Palladium,,,,,,,,,,,,0.0,7769.46193086076,ZAF,KHM,Africa,0,Asia,0,3695.596,8031.359,0.05329526240242743,414.07551233089464,port535_land,KHM
mine_2981,ZAF,Nickel,Copper,Platinum,Palladium,,,,,,,,,,,,0.0,7769.46193086076,ZAF,MYS,Africa,0,Asia,0,481.576,1256.395,0.008337306451635123,64.7763850818989,port672_land,MYS
mine_2981,ZAF,Nickel,Copper,Platinum,Palladium,,,,,,,,,,,,0.0,7769.46193086076,ZAF,NLD,Africa,0,Europe,0,2.543,0.07,4.6451271424548695e-07,0.0036090138497311135,port1114_land,NLD
mine_2981,ZAF,Nickel,Copper,Platinum,Palladium,,,,,,,,,,,,0.0,7769.46193086076,ZAF,RUS,Africa,0,Europe,0,2.018,0.008,5.3087167342341363e-08,0.0004124587256835558,port1095_land,RUS
mine_2981,ZAF,Nickel,Copper,Platinum,Palladium,,,,,,,,,,,,0.0,7769.46193086076,ZAF,TUR,Africa,0,Asia,0,0.134,0.018,1.1944612652026805e-07,0.0009280321327880004,port1406_land,TUR
mine_2981,ZAF,Nickel,Copper,Platinum,Palladium,,,,,,,,,,,,0.0,7769.46193086076,ZAF,TWN,Africa,0,Asia,0,2493.233,2086.224,0.013843965325201097,107.56016156630632,port541_land,TWN
mine_2981,ZAF,Nickel,Copper,Platinum,Palladium,,,,,,,,,,,,0.0,7769.46193086076,ZAF,USA,Africa,0,North America,0,0.02,0.27,1.7916918978040211e-06,0.013920481991820008,port812_land,USA
mine_2983,ZAF,Nickel,Copper,Platinum,Palladium,Chromite,,,,,,,,,,,0.0,2712.2337610562063,ZAF,AUS,Africa,0,Oceania,0,2243.85,611.793,0.004059794671234131,11.011112170277292,port955_land,AUS
mine_2983,ZAF,Nickel,Copper,Platinum,Palladium,Chromite,,,,,,,,,,,0.0,2712.2337610562063,ZAF,AUT,Africa,0,Europe,1,8.716,22.437,0.00014888959670751416,0.4038233908601629,port446_land,AUT
mine_2983,ZAF,Nickel,Copper,Platinum,Palladium,Chromite,,,,,,,,,,,0.0,2712.2337610562063,ZAF,BGR,Africa,0,Europe,0,225.105,83.326,0.000552942663245992,1.4997097591841124,port1355_land,BGR
mine_2983,ZAF,Nickel,Copper,Platinum,Palladium,Chromite,,,,,,,,,,,0.0,2712.2337610562063,ZAF,BRA,Africa,0,South America,0,0.053,0.023,1.5262560610923142e-07,0.0004139563216911238,port506_land,BRA
mine_2983,ZAF,Nickel,Copper,Platinum,Palladium,Chromite,,,,,,,,,,,0.0,2712.2337610562063,ZAF,CAN,Africa,0,North America,0,0.049,0.004,2.6543583671170682e-08,7.199240377236936e-05,port1350_land,CAN
mine_2983,ZAF,Nickel,Copper,Platinum,Palladium,Chromite,,,,,,,,,,,0.0,2712.2337610562063,ZAF,CHN,Africa,0,Asia,0,204446.308,100494.827,0.6668732122485806,1808.7160406046016,port1195_land,CHN
mine_2983,ZAF,Nickel,Copper,Platinum,Palladium,Chromite,,,,,,,,,,,0.0,2712.2337610562063,ZAF,DEU,Africa,0,Europe,0,0.014,0.003,1.990768775337801e-08,5.399430282927702e-05,port446_land,DEU
mine_2983,ZAF,Nickel,Copper,Platinum,Palladium,Chromite,,,,,,,,,,,0.0,2712.2337610562063,ZAF,ESP,Africa,0,Europe,0,1.532,0.11,7.299485509571937e-07,0.0019797911037401574,port635_land,ESP
mine_2983,ZAF,Nickel,Copper,Platinum,Palladium,Chromite,,,,,,,,,,,0.0,2712.2337610562063,ZAF,FIN,Africa,0,Europe,0,0.075,0.026,1.725332938626094e-07,0.0004679506245204008,port586_land,FIN
mine_2983,ZAF,Nickel,Copper,Platinum,Palladium,Chromite,,,,,,,,,,,0.0,2712.2337610562063,ZAF,GBR,Africa,0,Europe,0,0.927,0.764,5.069824481193601e-06,0.01375054912052255,port493_land,GBR
mine_2983,ZAF,Nickel,Copper,Platinum,Palladium,Chromite,,,,,,,,,,,0.0,2712.2337610562063,ZAF,GEO,Africa,0,Europe,0,489.528,522.5,0.0034672556170466705,9.404007742765748,port1016_land,GEO
mine_2983,ZAF,Nickel,Copper,Platinum,Palladium,Chromite,,,,,,,,,,,0.0,2712.2337610562063,ZAF,KHM,Africa,0,Asia,0,3695.596,8031.359,0.05329526240242743,144.54920999221318,port535_land,KHM
mine_2983,ZAF,Nickel,Copper,Platinum,Palladium,Chromite,,,,,,,,,,,0.0,2712.2337610562063,ZAF,MYS,Africa,0,Asia,0,481.576,1256.395,0.008337306451635123,22.612724034396503,port672_land,MYS
mine_2983,ZAF,Nickel,Copper,Platinum,Palladium,Chromite,,,,,,,,,,,0.0,2712.2337610562063,ZAF,NLD,Africa,0,Europe,0,2.543,0.07,4.6451271424548695e-07,0.0012598670660164638,port1114_land,NLD
mine_2983,ZAF,Nickel,Copper,Platinum,Palladium,Chromite,,,,,,,,,,,0.0,2712.2337610562063,ZAF,RUS,Africa,0,Europe,0,2.018,0.008,5.3087167342341363e-08,0.00014398480754473873,port1095_land,RUS
mine_2983,ZAF,Nickel,Copper,Platinum,Palladium,Chromite,,,,,,,,,,,0.0,2712.2337610562063,ZAF,TUR,Africa,0,Asia,0,0.134,0.018,1.1944612652026805e-07,0.0003239658169756621,port1406_land,TUR
mine_2983,ZAF,Nickel,Copper,Platinum,Palladium,Chromite,,,,,,,,,,,0.0,2712.2337610562063,ZAF,TWN,Africa,0,Asia,0,2493.233,2086.224,0.013843965325201097,37.548070141901874,port541_land,TWN
mine_2983,ZAF,Nickel,Copper,Platinum,Palladium,Chromite,,,,,,,,,,,0.0,2712.2337610562063,ZAF,USA,Africa,0,North America,0,0.02,0.27,1.7916918978040211e-06,0.004859487254634932,port812_land,USA
mine_3012,ZAF,Platinum,Palladium,Copper,Nickel,,,,,,,,,,,,0.0,383098.2289246203,ZAF,AUS,Africa,0,Oceania,0,2243.85,611.793,0.004059794671234131,1555.3001483474068,port955_land,AUS
mine_3012,ZAF,Platinum,Palladium,Copper,Nickel,,,,,,,,,,,,0.0,383098.2289246203,ZAF,AUT,Africa,0,Europe,1,8.716,22.437,0.00014888959670751416,57.039340803949656,port446_land,AUT
mine_3012,ZAF,Platinum,Palladium,Copper,Nickel,,,,,,,,,,,,0.0,383098.2289246203,ZAF,BGR,Africa,0,Europe,0,225.105,83.326,0.000552942663245992,211.8313549864023,port1355_land,BGR
mine_3012,ZAF,Platinum,Palladium,Copper,Nickel,,,,,,,,,,,,0.0,383098.2289246203,ZAF,BRA,Africa,0,South America,0,0.053,0.023,1.5262560610923142e-07,0.058470599388993266,port506_land,BRA
mine_3012,ZAF,Platinum,Palladium,Copper,Nickel,,,,,,,,,,,,0.0,383098.2289246203,ZAF,CAN,Africa,0,North America,0,0.049,0.004,2.6543583671170682e-08,0.01016879989373796,port1350_land,CAN
mine_3012,ZAF,Platinum,Palladium,Copper,Nickel,,,,,,,,,,,,0.0,383098.2289246203,ZAF,CHN,Africa,0,Asia,0,204446.308,100494.827,0.6668732122485806,255477.94652970365,port1195_land,CHN
mine_3012,ZAF,Platinum,Palladium,Copper,Nickel,,,,,,,,,,,,0.0,383098.2289246203,ZAF,DEU,Africa,0,Europe,0,0.014,0.003,1.990768775337801e-08,0.007626599920303469,port446_land,DEU
mine_3012,ZAF,Platinum,Palladium,Copper,Nickel,,,,,,,,,,,,0.0,383098.2289246203,ZAF,ESP,Africa,0,Europe,0,1.532,0.11,7.299485509571937e-07,0.27964199707779386,port635_land,ESP
mine_3012,ZAF,Platinum,Palladium,Copper,Nickel,,,,,,,,,,,,0.0,383098.2289246203,ZAF,FIN,Africa,0,Europe,0,0.075,0.026,1.725332938626094e-07,0.06609719930929672,port586_land,FIN
mine_3012,ZAF,Platinum,Palladium,Copper,Nickel,,,,,,,,,,,,0.0,383098.2289246203,ZAF,GBR,Africa,0,Europe,0,0.927,0.764,5.069824481193601e-06,1.9422407797039505,port493_land,GBR
mine_3012,ZAF,Platinum,Palladium,Copper,Nickel,,,,,,,,,,,,0.0,383098.2289246203,ZAF,GEO,Africa,0,Europe,0,489.528,522.5,0.0034672556170466705,1328.2994861195211,port1016_land,GEO
mine_3012,ZAF,Platinum,Palladium,Copper,Nickel,,,,,,,,,,,,0.0,383098.2289246203,ZAF,KHM,Africa,0,Asia,0,3695.596,8031.359,0.05329526240242743,20417.32063644285,port535_land,KHM
mine_3012,ZAF,Platinum,Palladium,Copper,Nickel,,,,,,,,,,,,0.0,383098.2289246203,ZAF,MYS,Africa,0,Asia,0,481.576,1256.395,0.008337306451635123,3194.007335623226,port672_land,MYS
mine_3012,ZAF,Platinum,Palladium,Copper,Nickel,,,,,,,,,,,,0.0,383098.2289246203,ZAF,NLD,Africa,0,Europe,0,2.543,0.07,4.6451271424548695e-07,0.1779539981404143,port1114_land,NLD
mine_3012,ZAF,Platinum,Palladium,Copper,Nickel,,,,,,,,,,,,0.0,383098.2289246203,ZAF,RUS,Africa,0,Europe,0,2.018,0.008,5.3087167342341363e-08,0.02033759978747592,port1095_land,RUS
mine_3012,ZAF,Platinum,Palladium,Copper,Nickel,,,,,,,,,,,,0.0,383098.2289246203,ZAF,TUR,Africa,0,Asia,0,0.134,0.018,1.1944612652026805e-07,0.045759599521820814,port1406_land,TUR
mine_3012,ZAF,Platinum,Palladium,Copper,Nickel,,,,,,,,,,,,0.0,383098.2289246203,ZAF,TWN,Africa,0,Asia,0,2493.233,2086.224,0.013843965325201097,5303.598597378395,port541_land,TWN
mine_3012,ZAF,Platinum,Palladium,Copper,Nickel,,,,,,,,,,,,0.0,383098.2289246203,ZAF,USA,Africa,0,North America,0,0.02,0.27,1.7916918978040211e-06,0.6863939928273123,port812_land,USA
mine_3166,ZAF,Nickel,Copper,Platinum,Palladium,,,,,,,,,,,,0.0,556.8379220731399,ZAF,AUS,Africa,0,Oceania,0,2243.85,611.793,0.004059794671234131,2.26064762877362,port955_land,AUS
mine_3166,ZAF,Nickel,Copper,Platinum,Palladium,,,,,,,,,,,,0.0,556.8379220731399,ZAF,AUT,Africa,0,Europe,1,8.716,22.437,0.00014888959670751416,0.08290737364892,port446_land,AUT
mine_3166,ZAF,Nickel,Copper,Platinum,Palladium,,,,,,,,,,,,0.0,556.8379220731399,ZAF,BGR,Africa,0,Europe,0,225.105,83.326,0.000552942663245992,0.30789944362748617,port1355_land,BGR
mine_3166,ZAF,Nickel,Copper,Platinum,Palladium,,,,,,,,,,,,0.0,556.8379220731399,ZAF,BRA,Africa,0,South America,0,0.053,0.023,1.5262560610923142e-07,8.498772536101795e-05,port506_land,BRA
mine_3166,ZAF,Nickel,Copper,Platinum,Palladium,,,,,,,,,,,,0.0,556.8379220731399,ZAF,CAN,Africa,0,North America,0,0.049,0.004,2.6543583671170682e-08,1.478047397582921e-05,port1350_land,CAN
mine_3166,ZAF,Nickel,Copper,Platinum,Palladium,,,,,,,,,,,,0.0,556.8379220731399,ZAF,CHN,Africa,0,Asia,0,204446.308,100494.827,0.6668732122485806,371.34029379473964,port1195_land,CHN
mine_3166,ZAF,Nickel,Copper,Platinum,Palladium,,,,,,,,,,,,0.0,556.8379220731399,ZAF,DEU,Africa,0,Europe,0,0.014,0.003,1.990768775337801e-08,1.1085355481871906e-05,port446_land,DEU
mine_3166,ZAF,Nickel,Copper,Platinum,Palladium,,,,,,,,,,,,0.0,556.8379220731399,ZAF,ESP,Africa,0,Europe,0,1.532,0.11,7.299485509571937e-07,0.00040646303433530324,port635_land,ESP
mine_3166,ZAF,Nickel,Copper,Platinum,Palladium,,,,,,,,,,,,0.0,556.8379220731399,ZAF,FIN,Africa,0,Europe,0,0.075,0.026,1.725332938626094e-07,9.607308084288985e-05,port586_land,FIN
mine_3166,ZAF,Nickel,Copper,Platinum,Palladium,,,,,,,,,,,,0.0,556.8379220731399,ZAF,GBR,Africa,0,Europe,0,0.927,0.764,5.069824481193601e-06,0.002823070529383379,port493_land,GBR
mine_3166,ZAF,Nickel,Copper,Platinum,Palladium,,,,,,,,,,,,0.0,556.8379220731399,ZAF,GEO,Africa,0,Europe,0,489.528,522.5,0.0034672556170466705,1.9306994130926904,port1016_land,GEO
mine_3166,ZAF,Nickel,Copper,Platinum,Palladium,,,,,,,,,,,,0.0,556.8379220731399,ZAF,KHM,Africa,0,Asia,0,3695.596,8031.359,0.05329526240242743,29.676823172510428,port535_land,KHM
mine_3166,ZAF,Nickel,Copper,Platinum,Palladium,,,,,,,,,,,,0.0,556.8379220731399,ZAF,MYS,Africa,0,Asia,0,481.576,1256.395,0.008337306451635123,4.642528400215485,port672_land,MYS
mine_3166,ZAF,Nickel,Copper,Platinum,Palladium,,,,,,,,,,,,0.0,556.8379220731399,ZAF,NLD,Africa,0,Europe,0,2.543,0.07,4.6451271424548695e-07,0.00025865829457701116,port1114_land,NLD
mine_3166,ZAF,Nickel,Copper,Platinum,Palladium,,,,,,,,,,,,0.0,556.8379220731399,ZAF,RUS,Africa,0,Europe,0,2.018,0.008,5.3087167342341363e-08,2.956094795165842e-05,port1095_land,RUS
mine_3166,ZAF,Nickel,Copper,Platinum,Palladium,,,,,,,,,,,,0.0,556.8379220731399,ZAF,TUR,Africa,0,Asia,0,0.134,0.018,1.1944612652026805e-07,6.651213289123143e-05,port1406_land,TUR
mine_3166,ZAF,Nickel,Copper,Platinum,Palladium,,,,,,,,,,,,0.0,556.8379220731399,ZAF,TWN,Africa,0,Asia,0,2493.233,2086.224,0.013843965325201097,7.708844884937579,port541_land,TWN
mine_3166,ZAF,Nickel,Copper,Platinum,Palladium,,,,,,,,,,,,0.0,556.8379220731399,ZAF,USA,Africa,0,North America,0,0.02,0.27,1.7916918978040211e-06,0.0009976819933684717,port812_land,USA
mine_3196,BWA,Copper,Nickel,Cobalt,Silver,,,,,,,,,,,,0.0,7.289259583317875,BWA,AIA,Africa,1,North America,0,11386.439,8780.808,0.4440959213543093,3.2371304506442806,port52_land,AIA
mine_3196,BWA,Copper,Nickel,Cobalt,Silver,,,,,,,,,,,,0.0,7.289259583317875,BWA,ARE,Africa,1,Asia,0,0.051,0.015,7.586362007134922e-07,5.529896196302686e-06,port747_land,ARE
mine_3196,BWA,Copper,Nickel,Cobalt,Silver,,,,,,,,,,,,0.0,7.289259583317875,BWA,CAN,Africa,1,North America,0,0.047,0.007,3.540302269996297e-07,2.580618224941254e-06,port1350_land,CAN
mine_3196,BWA,Copper,Nickel,Cobalt,Silver,,,,,,,,,,,,0.0,7.289259583317875,BWA,CHN,Africa,1,Asia,0,84669.461,10815.996,0.5470270741581552,3.987422342641671,port1195_land,CHN
mine_3196,BWA,Copper,Nickel,Cobalt,Silver,,,,,,,,,,,,0.0,7.289259583317875,BWA,GBR,Africa,1,Europe,0,0.021,0.046,2.3264843488547097e-06,1.695834833532824e-05,port493_land,GBR
mine_3196,BWA,Copper,Nickel,Cobalt,Silver,,,,,,,,,,,,0.0,7.289259583317875,BWA,NLD,Africa,1,Europe,0,0.374,0.014,7.080604539992594e-07,5.161236449882508e-06,port1114_land,NLD
mine_3198,BWA,Copper,Nickel,,,,,,,,,,,,,,0.0,43.7250401714982,BWA,AIA,Africa,1,North America,0,11386.439,8780.808,0.4440959213543093,19.41811200121568,port52_land,AIA
mine_3198,BWA,Copper,Nickel,,,,,,,,,,,,,,0.0,43.7250401714982,BWA,ARE,Africa,1,Asia,0,0.051,0.015,7.586362007134922e-07,3.317139835175022e-05,port747_land,ARE
mine_3198,BWA,Copper,Nickel,,,,,,,,,,,,,,0.0,43.7250401714982,BWA,CAN,Africa,1,North America,0,0.047,0.007,3.540302269996297e-07,1.5479985897483436e-05,port1350_land,CAN
mine_3198,BWA,Copper,Nickel,,,,,,,,,,,,,,0.0,43.7250401714982,BWA,CHN,Africa,1,Asia,0,84669.461,10815.996,0.5470270741581552,23.918780792462464,port1195_land,CHN
mine_3198,BWA,Copper,Nickel,,,,,,,,,,,,,,0.0,43.7250401714982,BWA,GBR,Africa,1,Europe,0,0.021,0.046,2.3264843488547097e-06,0.00010172562161203401,port493_land,GBR
mine_3198,BWA,Copper,Nickel,,,,,,,,,,,,,,0.0,43.7250401714982,BWA,NLD,Africa,1,Europe,0,0.374,0.014,7.080604539992594e-07,3.095997179496687e-05,port1114_land,NLD
mine_3207,BWA,Copper,Nickel,Platinum,Cobalt,Palladium,,,,,,,,,,,0.0,0.6815545722416149,BWA,AIA,Africa,1,North America,0,11386.439,8780.808,0.4440959213543093,0.3026756057128821,port52_land,AIA
mine_3207,BWA,Copper,Nickel,Platinum,Cobalt,Palladium,,,,,,,,,,,0.0,0.6815545722416149,BWA,ARE,Africa,1,Asia,0,0.051,0.015,7.586362007134922e-07,5.170519712642881e-07,port747_land,ARE
mine_3207,BWA,Copper,Nickel,Platinum,Cobalt,Palladium,,,,,,,,,,,0.0,0.6815545722416149,BWA,CAN,Africa,1,North America,0,0.047,0.007,3.540302269996297e-07,2.4129091992333443e-07,port1350_land,CAN
mine_3207,BWA,Copper,Nickel,Platinum,Cobalt,Palladium,,,,,,,,,,,0.0,0.6815545722416149,BWA,CHN,Africa,1,Asia,0,84669.461,10815.996,0.5470270741581552,0.37282880353244363,port1195_land,CHN
mine_3207,BWA,Copper,Nickel,Platinum,Cobalt,Palladium,,,,,,,,,,,0.0,0.6815545722416149,BWA,GBR,Africa,1,Europe,0,0.021,0.046,2.3264843488547097e-06,1.5856260452104835e-06,port493_land,GBR
mine_3207,BWA,Copper,Nickel,Platinum,Cobalt,Palladium,,,,,,,,,,,0.0,0.6815545722416149,BWA,NLD,Africa,1,Europe,0,0.374,0.014,7.080604539992594e-07,4.825818398466689e-07,port1114_land,NLD
mine_3390,BWA,Nickel,Copper,Palladium,Platinum,Silver,Cobalt,,,,,,,,,,0.0,106.67514567294232,BWA,AIA,Africa,1,North America,0,11386.439,8780.808,0.4440959213543093,47.37399710323048,port52_land,AIA
mine_3390,BWA,Nickel,Copper,Palladium,Platinum,Silver,Cobalt,,,,,,,,,,0.0,106.67514567294232,BWA,ARE,Africa,1,Asia,0,0.051,0.015,7.586362007134922e-07,8.092762722387929e-05,port747_land,ARE
mine_3390,BWA,Nickel,Copper,Palladium,Platinum,Silver,Cobalt,,,,,,,,,,0.0,106.67514567294232,BWA,CAN,Africa,1,North America,0,0.047,0.007,3.540302269996297e-07,3.776622603781034e-05,port1350_land,CAN
mine_3390,BWA,Nickel,Copper,Palladium,Platinum,Silver,Cobalt,,,,,,,,,,0.0,106.67514567294232,BWA,CHN,Africa,1,Asia,0,84669.461,10815.996,0.5470270741581552,58.35419282286463,port1195_land,CHN
mine_3390,BWA,Nickel,Copper,Palladium,Platinum,Silver,Cobalt,,,,,,,,,,0.0,106.67514567294232,BWA,GBR,Africa,1,Europe,0,0.021,0.046,2.3264843488547097e-06,0.0002481780568198965,port493_land,GBR
mine_3390,BWA,Nickel,Copper,Palladium,Platinum,Silver,Cobalt,,,,,,,,,,0.0,106.67514567294232,BWA,NLD,Africa,1,Europe,0,0.374,0.014,7.080604539992594e-07,7.553245207562068e-05,port1114_land,NLD
mine_3396,ZMB,Nickel,Palladium,Cobalt,Platinum,Copper,,,,,,,,,,,0.0,13444.588352581948,ZMB,ARE,Africa,1,Asia,0,36.064,259.301,0.004220413732089332,56.741725305525144,port747_land,ARE
mine_3396,ZMB,Nickel,Palladium,Cobalt,Platinum,Copper,,,,,,,,,,,0.0,13444.588352581948,ZMB,CHN,Africa,1,Asia,0,50519.587,33389.898,0.5434579273981286,7306.5681208152055,port1195_land,CHN
mine_3396,ZMB,Nickel,Palladium,Cobalt,Platinum,Copper,,,,,,,,,,,0.0,13444.588352581948,ZMB,DEU,Africa,1,Europe,0,1.275,0.56,9.114626206493712e-06,0.12254239733396355,port446_land,DEU
mine_3396,ZMB,Nickel,Palladium,Cobalt,Platinum,Copper,,,,,,,,,,,0.0,13444.588352581948,ZMB,IND,Africa,1,Asia,0,0.011,0.002,3.255223645176326e-08,0.00043765141904986984,port1367_land,IND
mine_3396,ZMB,Nickel,Palladium,Cobalt,Platinum,Copper,,,,,,,,,,,0.0,13444.588352581948,ZMB,NLD,Africa,1,Europe,0,3.004,0.039,6.347686108093835e-07,0.00853420267147246,port1114_land,NLD
mine_3396,ZMB,Nickel,Palladium,Cobalt,Platinum,Copper,,,,,,,,,,,0.0,13444.588352581948,ZMB,SGP,Africa,1,Asia,0,6.319,29.22,0.00047558817456026114,6.394087232318597,port1201_land,SGP
mine_3396,ZMB,Nickel,Palladium,Cobalt,Platinum,Copper,,,,,,,,,,,0.0,13444.588352581948,ZMB,TWN,Africa,1,Asia,0,95927.75,24356.0,0.3964211355095729,5329.718981189314,port541_land,TWN
mine_3396,ZMB,Nickel,Palladium,Cobalt,Platinum,Copper,,,,,,,,,,,0.0,13444.588352581948,ZMB,USA,Africa,1,North America,0,54.394,55.35,0.0009008831438025481,12.112003022205146,port812_land,USA
mine_3396,ZMB,Nickel,Palladium,Cobalt,Platinum,Copper,,,,,,,,,,,0.0,13444.588352581948,ZMB,VNM,Africa,1,Asia,0,18.075,130.4,0.0021224058166549645,28.534872522051515,port903_land,VNM
mine_3399,ZMB,Copper,,,,,,,,,,,,,,,0.0,220372.21852923324,ZMB,ARE,Africa,1,Asia,0,36.064,259.301,0.004220413732089332,930.0619372517671,port747_land,ARE
mine_3399,ZMB,Copper,,,,,,,,,,,,,,,0.0,220372.21852923324,ZMB,CHN,Africa,1,Asia,0,50519.587,33389.898,0.5434579273981286,119763.02913802456,port1195_land,CHN
mine_3399,ZMB,Copper,,,,,,,,,,,,,,,0.0,220372.21852923324,ZMB,DEU,Africa,1,Europe,0,1.275,0.56,9.114626206493712e-06,2.0086103981897083,port446_land,DEU
mine_3399,ZMB,Copper,,,,,,,,,,,,,,,0.0,220372.21852923324,ZMB,IND,Africa,1,Asia,0,0.011,0.002,3.255223645176326e-08,0.007173608564963244,port1367_land,IND
mine_3399,ZMB,Copper,,,,,,,,,,,,,,,0.0,220372.21852923324,ZMB,NLD,Africa,1,Europe,0,3.004,0.039,6.347686108093835e-07,0.13988536701678328,port1114_land,NLD
mine_3399,ZMB,Copper,,,,,,,,,,,,,,,0.0,220372.21852923324,ZMB,SGP,Africa,1,Asia,0,6.319,29.22,0.00047558817456026114,104.806421134113,port1201_land,SGP
mine_3399,ZMB,Copper,,,,,,,,,,,,,,,0.0,220372.21852923324,ZMB,TWN,Africa,1,Asia,0,95927.75,24356.0,0.3964211355095729,87360.20510412239,port541_land,TWN
mine_3399,ZMB,Copper,,,,,,,,,,,,,,,0.0,220372.21852923324,ZMB,USA,Africa,1,North America,0,54.394,55.35,0.0009008831438025481,198.52961703535777,port812_land,USA
mine_3399,ZMB,Copper,,,,,,,,,,,,,,,0.0,220372.21852923324,ZMB,VNM,Africa,1,Asia,0,18.075,130.4,0.0021224058166549645,467.7192784356036,port903_land,VNM
mine_3442,COD,Copper,,,,,,,,,,,,,,,0.0,41248.08659385717,COD,CHN,Africa,0,Asia,0,404840.346,146041.7,0.3423093725343476,14119.606640185684,port1195_land,CHN
mine_3442,COD,Copper,,,,,,,,,,,,,,,0.0,41248.08659385717,COD,NLD,Africa,0,Europe,0,1.177,0.017,3.984655980506875e-08,0.0016435943493067844,port1114_land,NLD
mine_3442,COD,Copper,,,,,,,,,,,,,,,0.0,41248.08659385717,COD,RUS,Africa,0,Europe,0,2.372,0.382,8.953756379727214e-07,0.036932531849128925,port1095_land,RUS
mine_3442,COD,Copper,,,,,,,,,,,,,,,0.0,41248.08659385717,COD,TWN,Africa,0,Asia,0,28870.405,14190.0,0.03326015786081915,1371.9178715684277,port541_land,TWN
mine_3496,NAM,Copper,Lead,Silver,Zinc,,,,,,,,,,,,0.0,19901.10466085011,NAM,ARE,Africa,0,Asia,0,0.094,0.04,0.0011156978690170702,22.20362006119615,port747_land,ARE
mine_3496,NAM,Copper,Lead,Silver,Zinc,,,,,,,,,,,,0.0,19901.10466085011,NAM,CHN,Africa,0,Asia,0,0.162,0.001,2.7892446725426758e-05,0.5550905015299038,port1195_land,CHN
mine_3496,NAM,Copper,Lead,Silver,Zinc,,,,,,,,,,,,0.0,19901.10466085011,NAM,ESP,Africa,0,Europe,0,0.105,0.004,0.00011156978690170703,2.220362006119615,port635_land,ESP
mine_3496,NAM,Copper,Lead,Silver,Zinc,,,,,,,,,,,,0.0,19901.10466085011,NAM,NLD,Africa,0,Europe,0,0.386,0.009,0.00025103202052884077,4.995814513769133,port1114_land,NLD
mine_3501,NAM,Copper,Silver,Zinc,Lead,,,,,,,,,,,,0.0,416737.0368902857,NAM,ARE,Africa,0,Asia,0,0.094,0.04,0.0011156978690170702,464.9526239989799,port747_land,ARE
mine_3501,NAM,Copper,Silver,Zinc,Lead,,,,,,,,,,,,0.0,416737.0368902857,NAM,CHN,Africa,0,Asia,0,0.162,0.001,2.7892446725426758e-05,11.623815599974499,port1195_land,CHN
mine_3501,NAM,Copper,Silver,Zinc,Lead,,,,,,,,,,,,0.0,416737.0368902857,NAM,ESP,Africa,0,Europe,0,0.105,0.004,0.00011156978690170703,46.495262399897996,port635_land,ESP
mine_3501,NAM,Copper,Silver,Zinc,Lead,,,,,,,,,,,,0.0,416737.0368902857,NAM,NLD,Africa,0,Europe,0,0.386,0.009,0.00025103202052884077,104.61434039977047,port1114_land,NLD
mine_3535,ZMB,Copper,,,,,,,,,,,,,,,0.0,23877.3787989364,ZMB,ARE,Africa,1,Asia,0,36.064,259.301,0.004220413732089332,100.77241736932986,port747_land,ARE
mine_3535,ZMB,Copper,,,,,,,,,,,,,,,0.0,23877.3787989364,ZMB,CHN,Africa,1,Asia,0,50519.587,33389.898,0.5434579273981286,12976.350793769992,port1195_land,CHN
mine_3535,ZMB,Copper,,,,,,,,,,,,,,,0.0,23877.3787989364,ZMB,DEU,Africa,1,Europe,0,1.275,0.56,9.114626206493712e-06,0.21763338254316306,port446_land,DEU
mine_3535,ZMB,Copper,,,,,,,,,,,,,,,0.0,23877.3787989364,ZMB,IND,Africa,1,Asia,0,0.011,0.002,3.255223645176326e-08,0.0007772620805112967,port1367_land,IND
mine_3535,ZMB,Copper,,,,,,,,,,,,,,,0.0,23877.3787989364,ZMB,NLD,Africa,1,Europe,0,3.004,0.039,6.347686108093835e-07,0.015156610569970284,port1114_land,NLD
mine_3535,ZMB,Copper,,,,,,,,,,,,,,,0.0,23877.3787989364,ZMB,SGP,Africa,1,Asia,0,6.319,29.22,0.00047558817456026114,11.355798996270043,port1201_land,SGP
mine_3535,ZMB,Copper,,,,,,,,,,,,,,,0.0,23877.3787989364,ZMB,TWN,Africa,1,Asia,0,95927.75,24356.0,0.3964211355095729,9465.49761646657,port541_land,TWN
mine_3535,ZMB,Copper,,,,,,,,,,,,,,,0.0,23877.3787989364,ZMB,USA,Africa,1,North America,0,54.394,55.35,0.0009008831438025481,21.510728078150134,port812_land,USA
mine_3535,ZMB,Copper,,,,,,,,,,,,,,,0.0,23877.3787989364,ZMB,VNM,Africa,1,Asia,0,18.075,130.4,0.0021224058166549645,50.67748764933654,port903_land,VNM
mine_3537,ZMB,Copper,,,,,,,,,,,,,,,0.0,118778.74485764187,ZMB,ARE,Africa,1,Asia,0,36.064,259.301,0.004220413732089332,501.29544587752684,port747_land,ARE
mine_3537,ZMB,Copper,,,,,,,,,,,,,,,0.0,118778.74485764187,ZMB,CHN,Africa,1,Asia,0,50519.587,33389.898,0.5434579273981286,64551.250499285175,port1195_land,CHN
mine_3537,ZMB,Copper,,,,,,,,,,,,,,,0.0,118778.74485764187,ZMB,DEU,Africa,1,Europe,0,1.275,0.56,9.114626206493712e-06,1.0826238606538927,port446_land,DEU
mine_3537,ZMB,Copper,,,,,,,,,,,,,,,0.0,118778.74485764187,ZMB,IND,Africa,1,Asia,0,0.011,0.002,3.255223645176326e-08,0.003866513788049617,port1367_land,IND
mine_3537,ZMB,Copper,,,,,,,,,,,,,,,0.0,118778.74485764187,ZMB,NLD,Africa,1,Europe,0,3.004,0.039,6.347686108093835e-07,0.07539701886696754,port1114_land,NLD
mine_3537,ZMB,Copper,,,,,,,,,,,,,,,0.0,118778.74485764187,ZMB,SGP,Africa,1,Asia,0,6.319,29.22,0.00047558817456026114,56.4897664434049,port1201_land,SGP
mine_3537,ZMB,Copper,,,,,,,,,,,,,,,0.0,118778.74485764187,ZMB,TWN,Africa,1,Asia,0,95927.75,24356.0,0.3964211355095729,47086.40491086824,port541_land,TWN
mine_3537,ZMB,Copper,,,,,,,,,,,,,,,0.0,118778.74485764187,ZMB,USA,Africa,1,North America,0,54.394,55.35,0.0009008831438025481,107.00576908427315,port812_land,USA
mine_3537,ZMB,Copper,,,,,,,,,,,,,,,0.0,118778.74485764187,ZMB,VNM,Africa,1,Asia,0,18.075,130.4,0.0021224058166549645,252.09669898083504,port903_land,VNM
mine_3538,ZMB,Copper,Cobalt,U3O8,,,,,,,,,,,,,0.0,4333334.005457933,ZMB,ARE,Africa,1,Asia,0,36.064,259.301,0.004220413732089332,18288.462342364328,port747_land,ARE
mine_3538,ZMB,Copper,Cobalt,U3O8,,,,,,,,,,,,,0.0,4333334.005457933,ZMB,CHN,Africa,1,Asia,0,50519.587,33389.898,0.5434579273981286,2354984.717329999,port1195_land,CHN
mine_3538,ZMB,Copper,Cobalt,U3O8,,,,,,,,,,,,,0.0,4333334.005457933,ZMB,DEU,Africa,1,Europe,0,1.275,0.56,9.114626206493712e-06,39.496719687637245,port446_land,DEU
mine_3538,ZMB,Copper,Cobalt,U3O8,,,,,,,,,,,,,0.0,4333334.005457933,ZMB,IND,Africa,1,Asia,0,0.011,0.002,3.255223645176326e-08,0.14105971317013302,port1367_land,IND
mine_3538,ZMB,Copper,Cobalt,U3O8,,,,,,,,,,,,,0.0,4333334.005457933,ZMB,NLD,Africa,1,Europe,0,3.004,0.039,6.347686108093835e-07,2.750664406817594,port1114_land,NLD
mine_3538,ZMB,Copper,Cobalt,U3O8,,,,,,,,,,,,,0.0,4333334.005457933,ZMB,SGP,Africa,1,Asia,0,6.319,29.22,0.00047558817456026114,2060.882409415643,port1201_land,SGP
mine_3538,ZMB,Copper,Cobalt,U3O8,,,,,,,,,,,,,0.0,4333334.005457933,ZMB,TWN,Africa,1,Asia,0,95927.75,24356.0,0.3964211355095729,1717825.1869858797,port541_land,TWN
mine_3538,ZMB,Copper,Cobalt,U3O8,,,,,,,,,,,,,0.0,4333334.005457933,ZMB,USA,Africa,1,North America,0,54.394,55.35,0.0009008831438025481,3903.8275619834308,port812_land,USA
mine_3538,ZMB,Copper,Cobalt,U3O8,,,,,,,,,,,,,0.0,4333334.005457933,ZMB,VNM,Africa,1,Asia,0,18.075,130.4,0.0021224058166549645,9197.093298692673,port903_land,VNM
mine_3546,COD,Zinc,Copper,Lead,Cobalt,Silver,,,,,,,,,,,0.0,82555.17632353317,COD,CHN,Africa,0,Asia,0,404840.346,146041.7,0.3423093725343476,28259.41060677107,port1195_land,CHN
mine_3546,COD,Zinc,Copper,Lead,Cobalt,Silver,,,,,,,,,,,0.0,82555.17632353317,COD,NLD,Africa,0,Europe,0,1.177,0.017,3.984655980506875e-08,0.0032895397705936607,port1114_land,NLD
mine_3546,COD,Zinc,Copper,Lead,Cobalt,Silver,,,,,,,,,,,0.0,82555.17632353317,COD,RUS,Africa,0,Europe,0,2.372,0.382,8.953756379727214e-07,0.07391789366863402,port1095_land,RUS
mine_3546,COD,Zinc,Copper,Lead,Cobalt,Silver,,,,,,,,,,,0.0,82555.17632353317,COD,TWN,Africa,0,Asia,0,28870.405,14190.0,0.03326015786081915,2745.798196748473,port541_land,TWN
mine_3551,COD,Cobalt,Copper,,,,,,,,,,,,,,0.0,7811.776520290757,COD,CHN,Africa,0,Asia,0,404840.346,146041.7,0.3423093725343476,2674.0443190392784,port1195_land,CHN
mine_3551,COD,Cobalt,Copper,,,,,,,,,,,,,,0.0,7811.776520290757,COD,NLD,Africa,0,Europe,0,1.177,0.017,3.984655980506875e-08,0.0003112724202995975,port1114_land,NLD
mine_3551,COD,Cobalt,Copper,,,,,,,,,,,,,,0.0,7811.776520290757,COD,RUS,Africa,0,Europe,0,2.372,0.382,8.953756379727214e-07,0.006994474385555662,port1095_land,RUS
mine_3551,COD,Cobalt,Copper,,,,,,,,,,,,,,0.0,7811.776520290757,COD,TWN,Africa,0,Asia,0,28870.405,14190.0,0.03326015786081915,259.8209202383111,port541_land,TWN
mine_3554,COD,Copper,,,,,,,,,,,,,,,0.0,30384.953643824156,COD,CHN,Africa,0,Asia,0,404840.346,146041.7,0.3423093725343476,10401.054416302686,port1195_land,CHN
mine_3554,COD,Copper,,,,,,,,,,,,,,,0.0,30384.953643824156,COD,NLD,Africa,0,Europe,0,1.177,0.017,3.984655980506875e-08,0.001210735872542881,port1114_land,NLD
mine_3554,COD,Copper,,,,,,,,,,,,,,,0.0,30384.953643824156,COD,RUS,Africa,0,Europe,0,2.372,0.382,8.953756379727214e-07,0.02720594725361062,port1095_land,RUS
mine_3554,COD,Copper,,,,,,,,,,,,,,,0.0,30384.953643824156,COD,TWN,Africa,0,Asia,0,28870.405,14190.0,0.03326015786081915,1010.6083547872635,port541_land,TWN
mine_3558,COD,Copper,Cobalt,,,,,,,,,,,,,,0.0,37962.706442482784,COD,CHN,Africa,0,Asia,0,404840.346,146041.7,0.3423093725343476,12994.990222031918,port1195_land,CHN
mine_3558,COD,Copper,Cobalt,,,,,,,,,,,,,,0.0,37962.706442482784,COD,NLD,Africa,0,Europe,0,1.177,0.017,3.984655980506875e-08,0.001512683252622659,port1114_land,NLD
mine_3558,COD,Copper,Cobalt,,,,,,,,,,,,,,0.0,37962.706442482784,COD,RUS,Africa,0,Europe,0,2.372,0.382,8.953756379727214e-07,0.03399088250010916,port1095_land,RUS
mine_3558,COD,Copper,Cobalt,,,,,,,,,,,,,,0.0,37962.706442482784,COD,TWN,Africa,0,Asia,0,28870.405,14190.0,0.03326015786081915,1262.6456091009136,port541_land,TWN
mine_3560,COD,Copper,Cobalt,,,,,,,,,,,,,,0.0,22870.97386710256,COD,CHN,Africa,0,Asia,0,404840.346,146041.7,0.3423093725343476,7828.9487136973385,port1195_land,CHN
mine_3560,COD,Copper,Cobalt,,,,,,,,,,,,,,0.0,22870.97386710256,COD,NLD,Africa,0,Europe,0,1.177,0.017,3.984655980506875e-08,0.0009113296279956666,port1114_land,NLD
mine_3560,COD,Copper,Cobalt,,,,,,,,,,,,,,0.0,22870.97386710256,COD,RUS,Africa,0,Europe,0,2.372,0.382,8.953756379727214e-07,0.020478112817314393,port1095_land,RUS
mine_3560,COD,Copper,Cobalt,,,,,,,,,,,,,,0.0,22870.97386710256,COD,TWN,Africa,0,Asia,0,28870.405,14190.0,0.03326015786081915,760.6922012505005,port541_land,TWN
mine_3563,COD,Copper,Cobalt,,,,,,,,,,,,,,0.0,16246.631491093714,COD,CHN,Africa,0,Asia,0,404840.346,146041.7,0.3423093725343476,5561.374231513062,port1195_land,CHN
mine_3563,COD,Copper,Cobalt,,,,,,,,,,,,,,0.0,16246.631491093714,COD,NLD,Africa,0,Europe,0,1.177,0.017,3.984655980506875e-08,0.000647372373340779,port1114_land,NLD
mine_3563,COD,Copper,Cobalt,,,,,,,,,,,,,,0.0,16246.631491093714,COD,RUS,Africa,0,Europe,0,2.372,0.382,8.953756379727214e-07,0.01454683803624574,port1095_land,RUS
mine_3563,COD,Copper,Cobalt,,,,,,,,,,,,,,0.0,16246.631491093714,COD,TWN,Africa,0,Asia,0,28870.405,14190.0,0.03326015786081915,540.3655281003325,port541_land,TWN
mine_3570,COD,Copper,Cobalt,,,,,,,,,,,,,,0.0,2910.8057400830703,COD,CHN,Africa,0,Asia,0,404840.346,146041.7,0.3423093725343476,996.3960864572132,port1195_land,CHN
mine_3570,COD,Copper,Cobalt,,,,,,,,,,,,,,0.0,2910.8057400830703,COD,NLD,Africa,0,Europe,0,1.177,0.017,3.984655980506875e-08,0.00011598559500315747,port1114_land,NLD
mine_3570,COD,Copper,Cobalt,,,,,,,,,,,,,,0.0,2910.8057400830703,COD,RUS,Africa,0,Europe,0,2.372,0.382,8.953756379727214e-07,0.0026062645465415387,port1095_land,RUS
mine_3570,COD,Copper,Cobalt,,,,,,,,,,,,,,0.0,2910.8057400830703,COD,TWN,Africa,0,Asia,0,28870.405,14190.0,0.03326015786081915,96.81385841734144,port541_land,TWN
mine_3572,COD,Cobalt,Copper,,,,,,,,,,,,,,0.0,2979.402718226933,COD,CHN,Africa,0,Asia,0,404840.346,146041.7,0.3423093725343476,1019.877475003391,port1195_land,CHN
mine_3572,COD,Cobalt,Copper,,,,,,,,,,,,,,0.0,2979.402718226933,COD,NLD,Africa,0,Europe,0,1.177,0.017,3.984655980506875e-08,0.00011871894859521388,port1114_land,NLD
mine_3572,COD,Cobalt,Copper,,,,,,,,,,,,,,0.0,2979.402718226933,COD,RUS,Africa,0,Europe,0,2.372,0.382,8.953756379727214e-07,0.0026676846096101003,port1095_land,RUS
mine_3572,COD,Cobalt,Copper,,,,,,,,,,,,,,0.0,2979.402718226933,COD,TWN,Africa,0,Asia,0,28870.405,14190.0,0.03326015786081915,99.09540473918146,port541_land,TWN
mine_3591,ZMB,Copper,Cobalt,,,,,,,,,,,,,,0.0,104310.50853262116,ZMB,ARE,Africa,1,Asia,0,36.064,259.301,0.004220413732089332,440.23350261229575,port747_land,ARE
mine_3591,ZMB,Copper,Cobalt,,,,,,,,,,,,,,0.0,104310.50853262116,ZMB,CHN,Africa,1,Asia,0,50519.587,33389.898,0.5434579273981286,56688.3727729831,port1195_land,CHN
mine_3591,ZMB,Copper,Cobalt,,,,,,,,,,,,,,0.0,104310.50853262116,ZMB,DEU,Africa,1,Europe,0,1.275,0.56,9.114626206493712e-06,0.9507512946841148,port446_land,DEU
mine_3591,ZMB,Copper,Cobalt,,,,,,,,,,,,,,0.0,104310.50853262116,ZMB,IND,Africa,1,Asia,0,0.011,0.002,3.255223645176326e-08,0.0033955403381575526,port1367_land,IND
mine_3591,ZMB,Copper,Cobalt,,,,,,,,,,,,,,0.0,104310.50853262116,ZMB,NLD,Africa,1,Europe,0,3.004,0.039,6.347686108093835e-07,0.06621303659407228,port1114_land,NLD
mine_3591,ZMB,Copper,Cobalt,,,,,,,,,,,,,,0.0,104310.50853262116,ZMB,SGP,Africa,1,Asia,0,6.319,29.22,0.00047558817456026114,49.60884434048184,port1201_land,SGP
mine_3591,ZMB,Copper,Cobalt,,,,,,,,,,,,,,0.0,104310.50853262116,ZMB,TWN,Africa,1,Asia,0,95927.75,24356.0,0.3964211355095729,41350.89023808268,port541_land,TWN
mine_3591,ZMB,Copper,Cobalt,,,,,,,,,,,,,,0.0,104310.50853262116,ZMB,USA,Africa,1,North America,0,54.394,55.35,0.0009008831438025481,93.97157885851027,port812_land,USA
mine_3591,ZMB,Copper,Cobalt,,,,,,,,,,,,,,0.0,104310.50853262116,ZMB,VNM,Africa,1,Asia,0,18.075,130.4,0.0021224058166549645,221.38923004787245,port903_land,VNM
mine_3597,ZMB,Copper,Cobalt,,,,,,,,,,,,,,0.0,89690.64356025147,ZMB,ARE,Africa,1,Asia,0,36.064,259.301,0.004220413732089332,378.5316237216149,port747_land,ARE
mine_3597,ZMB,Copper,Cobalt,,,,,,,,,,,,,,0.0,89690.64356025147,ZMB,CHN,Africa,1,Asia,0,50519.587,33389.898,0.5434579273981286,48743.09125625857,port1195_land,CHN
mine_3597,ZMB,Copper,Cobalt,,,,,,,,,,,,,,0.0,89690.64356025147,ZMB,DEU,Africa,1,Europe,0,1.275,0.56,9.114626206493712e-06,0.8174966902715546,port446_land,DEU
mine_3597,ZMB,Copper,Cobalt,,,,,,,,,,,,,,0.0,89690.64356025147,ZMB,IND,Africa,1,Asia,0,0.011,0.002,3.255223645176326e-08,0.0029196310366841234,port1367_land,IND
mine_3597,ZMB,Copper,Cobalt,,,,,,,,,,,,,,0.0,89690.64356025147,ZMB,NLD,Africa,1,Europe,0,3.004,0.039,6.347686108093835e-07,0.0569328052153404,port1114_land,NLD
mine_3597,ZMB,Copper,Cobalt,,,,,,,,,,,,,,0.0,89690.64356025147,ZMB,SGP,Africa,1,Asia,0,6.319,29.22,0.00047558817456026114,42.655809445955036,port1201_land,SGP
mine_3597,ZMB,Copper,Cobalt,,,,,,,,,,,,,,0.0,89690.64356025147,ZMB,TWN,Africa,1,Asia,0,95927.75,24356.0,0.3964211355095729,35555.26676473925,port541_land,TWN
mine_3597,ZMB,Copper,Cobalt,,,,,,,,,,,,,,0.0,89690.64356025147,ZMB,USA,Africa,1,North America,0,54.394,55.35,0.0009008831438025481,80.8007889402331,port812_land,USA
mine_3597,ZMB,Copper,Cobalt,,,,,,,,,,,,,,0.0,89690.64356025147,ZMB,VNM,Africa,1,Asia,0,18.075,130.4,0.0021224058166549645,190.35994359180486,port903_land,VNM
mine_3601,ZMB,Cobalt,Copper,,,,,,,,,,,,,,0.0,35051.19244784581,ZMB,ARE,Africa,1,Asia,0,36.064,259.301,0.004220413732089332,147.93053393299434,port747_land,ARE
mine_3601,ZMB,Cobalt,Copper,,,,,,,,,,,,,,0.0,35051.19244784581,ZMB,CHN,Africa,1,Asia,0,50519.587,33389.898,0.5434579273981286,19048.84840053922,port1195_land,CHN
mine_3601,ZMB,Cobalt,Copper,,,,,,,,,,,,,,0.0,35051.19244784581,ZMB,DEU,Africa,1,Europe,0,1.275,0.56,9.114626206493712e-06,0.3194785172539899,port446_land,DEU
mine_3601,ZMB,Cobalt,Copper,,,,,,,,,,,,,,0.0,35051.19244784581,ZMB,IND,Africa,1,Asia,0,0.011,0.002,3.255223645176326e-08,0.0011409947044785354,port1367_land,IND
mine_3601,ZMB,Cobalt,Copper,,,,,,,,,,,,,,0.0,35051.19244784581,ZMB,NLD,Africa,1,Europe,0,3.004,0.039,6.347686108093835e-07,0.02224939673733144,port1114_land,NLD
mine_3601,ZMB,Cobalt,Copper,,,,,,,,,,,,,,0.0,35051.19244784581,ZMB,SGP,Africa,1,Asia,0,6.319,29.22,0.00047558817456026114,16.6699326324314,port1201_land,SGP
mine_3601,ZMB,Cobalt,Copper,,,,,,,,,,,,,,0.0,35051.19244784581,ZMB,TWN,Africa,1,Asia,0,95927.75,24356.0,0.3964211355095729,13895.033511139603,port541_land,TWN
mine_3601,ZMB,Cobalt,Copper,,,,,,,,,,,,,,0.0,35051.19244784581,ZMB,USA,Africa,1,North America,0,54.394,55.35,0.0009008831438025481,31.577028446443464,port812_land,USA
mine_3601,ZMB,Cobalt,Copper,,,,,,,,,,,,,,0.0,35051.19244784581,ZMB,VNM,Africa,1,Asia,0,18.075,130.4,0.0021224058166549645,74.39285473200052,port903_land,VNM
mine_3602,ZMB,Copper,,,,,,,,,,,,,,,0.0,1381898.1244211982,ZMB,ARE,Africa,1,Asia,0,36.064,259.301,0.004220413732089332,5832.181820655717,port747_land,ARE
mine_3602,ZMB,Copper,,,,,,,,,,,,,,,0.0,1381898.1244211982,ZMB,CHN,Africa,1,Asia,0,50519.587,33389.898,0.5434579273981286,751003.4905733056,port1195_land,CHN
mine_3602,ZMB,Copper,,,,,,,,,,,,,,,0.0,1381898.1244211982,ZMB,DEU,Africa,1,Europe,0,1.275,0.56,9.114626206493712e-06,12.595484859553961,port446_land,DEU
mine_3602,ZMB,Copper,,,,,,,,,,,,,,,0.0,1381898.1244211982,ZMB,IND,Africa,1,Asia,0,0.011,0.002,3.255223645176326e-08,0.044983874498407,port1367_land,IND
mine_3602,ZMB,Copper,,,,,,,,,,,,,,,0.0,1381898.1244211982,ZMB,NLD,Africa,1,Europe,0,3.004,0.039,6.347686108093835e-07,0.8771855527189365,port1114_land,NLD
mine_3602,ZMB,Copper,,,,,,,,,,,,,,,0.0,1381898.1244211982,ZMB,SGP,Africa,1,Asia,0,6.319,29.22,0.00047558817456026114,657.2144064217263,port1201_land,SGP
mine_3602,ZMB,Copper,,,,,,,,,,,,,,,0.0,1381898.1244211982,ZMB,TWN,Africa,1,Asia,0,95927.75,24356.0,0.3964211355095729,547813.6236416005,port541_land,TWN
mine_3602,ZMB,Copper,,,,,,,,,,,,,,,0.0,1381898.1244211982,ZMB,USA,Africa,1,North America,0,54.394,55.35,0.0009008831438025481,1244.9287267434138,port812_land,USA
mine_3602,ZMB,Copper,,,,,,,,,,,,,,,0.0,1381898.1244211982,ZMB,VNM,Africa,1,Asia,0,18.075,130.4,0.0021224058166549645,2932.948617296137,port903_land,VNM
mine_3603,COD,Copper,Cobalt,,,,,,,,,,,,,,0.0,242170.66367203635,COD,CHN,Africa,0,Asia,0,404840.346,146041.7,0.3423093725343476,82897.2879278013,port1195_land,CHN
mine_3603,COD,Copper,Cobalt,,,,,,,,,,,,,,0.0,242170.66367203635,COD,NLD,Africa,0,Europe,0,1.177,0.017,3.984655980506875e-08,0.009649667833040988,port1114_land,NLD
mine_3603,COD,Copper,Cobalt,,,,,,,,,,,,,,0.0,242170.66367203635,COD,RUS,Africa,0,Europe,0,2.372,0.382,8.953756379727214e-07,0.21683371248362687,port1095_land,RUS
mine_3603,COD,Copper,Cobalt,,,,,,,,,,,,,,0.0,242170.66367203635,COD,TWN,Africa,0,Asia,0,28870.405,14190.0,0.03326015786081915,8054.63450299127,port541_land,TWN
mine_3639,ZMB,Cobalt,Copper,,,,,,,,,,,,,,0.0,4881.7142823664635,ZMB,ARE,Africa,1,Asia,0,36.064,259.301,0.004220413732089332,20.602853993436042,port747_land,ARE
mine_3639,ZMB,Cobalt,Copper,,,,,,,,,,,,,,0.0,4881.7142823664635,ZMB,CHN,Africa,1,Asia,0,50519.587,33389.898,0.5434579273981286,2653.006326044721,port1195_land,CHN
mine_3639,ZMB,Cobalt,Copper,,,,,,,,,,,,,,0.0,4881.7142823664635,ZMB,DEU,Africa,1,Europe,0,1.275,0.56,9.114626206493712e-06,0.04449500093067201,port446_land,DEU
mine_3639,ZMB,Cobalt,Copper,,,,,,,,,,,,,,0.0,4881.7142823664635,ZMB,IND,Africa,1,Asia,0,0.011,0.002,3.255223645176326e-08,0.0001589107176095429,port1367_land,IND
mine_3639,ZMB,Cobalt,Copper,,,,,,,,,,,,,,0.0,4881.7142823664635,ZMB,NLD,Africa,1,Europe,0,3.004,0.039,6.347686108093835e-07,0.0030987589933860866,port1114_land,NLD
mine_3639,ZMB,Cobalt,Copper,,,,,,,,,,,,,,0.0,4881.7142823664635,ZMB,SGP,Africa,1,Asia,0,6.319,29.22,0.00047558817456026114,2.321685584275422,port1201_land,SGP
mine_3639,ZMB,Cobalt,Copper,,,,,,,,,,,,,,0.0,4881.7142823664635,ZMB,TWN,Africa,1,Asia,0,95927.75,24356.0,0.3964211355095729,1935.2147190490134,port541_land,TWN
mine_3639,ZMB,Cobalt,Copper,,,,,,,,,,,,,,0.0,4881.7142823664635,ZMB,USA,Africa,1,North America,0,54.394,55.35,0.0009008831438025481,4.3978541098441,port812_land,USA
mine_3639,ZMB,Cobalt,Copper,,,,,,,,,,,,,,0.0,4881.7142823664635,ZMB,VNM,Africa,1,Asia,0,18.075,130.4,0.0021224058166549645,10.360978788142198,port903_land,VNM
mine_3643,ZMB,Copper,Cobalt,,,,,,,,,,,,,,0.0,7570.79075939109,ZMB,ARE,Africa,1,Asia,0,36.064,259.301,0.004220413732089332,31.95186928370918,port747_land,ARE
mine_3643,ZMB,Copper,Cobalt,,,,,,,,,,,,,,0.0,7570.79075939109,ZMB,CHN,Africa,1,Asia,0,50519.587,33389.898,0.5434579273981286,4114.406254863586,port1195_land,CHN
mine_3643,ZMB,Copper,Cobalt,,,,,,,,,,,,,,0.0,7570.79075939109,ZMB,DEU,Africa,1,Europe,0,1.275,0.56,9.114626206493712e-06,0.06900492785942647,port446_land,DEU
mine_3643,ZMB,Copper,Cobalt,,,,,,,,,,,,,,0.0,7570.79075939109,ZMB,IND,Africa,1,Asia,0,0.011,0.002,3.255223645176326e-08,0.0002464461709265231,port1367_land,IND
mine_3643,ZMB,Copper,Cobalt,,,,,,,,,,,,,,0.0,7570.79075939109,ZMB,NLD,Africa,1,Europe,0,3.004,0.039,6.347686108093835e-07,0.0048057003330672,port1114_land,NLD
mine_3643,ZMB,Copper,Cobalt,,,,,,,,,,,,,,0.0,7570.79075939109,ZMB,SGP,Africa,1,Asia,0,6.319,29.22,0.00047558817456026114,3.600578557236502,port1201_land,SGP
mine_3643,ZMB,Copper,Cobalt,,,,,,,,,,,,,,0.0,7570.79075939109,ZMB,TWN,Africa,1,Asia,0,95927.75,24356.0,0.3964211355095729,3001.221469543198,port541_land,TWN
mine_3643,ZMB,Copper,Cobalt,,,,,,,,,,,,,,0.0,7570.79075939109,ZMB,USA,Africa,1,North America,0,54.394,55.35,0.0009008831438025481,6.820397780391526,port812_land,USA
mine_3643,ZMB,Copper,Cobalt,,,,,,,,,,,,,,0.0,7570.79075939109,ZMB,VNM,Africa,1,Asia,0,18.075,130.4,0.0021224058166549645,16.068290344409306,port903_land,VNM
mine_3645,COD,Copper,,,,,,,,,,,,,,,0.0,2627.4895661864757,COD,CHN,Africa,0,Asia,0,404840.346,146041.7,0.3423093725343476,899.4143047418378,port1195_land,CHN
mine_3645,COD,Copper,,,,,,,,,,,,,,,0.0,2627.4895661864757,COD,NLD,Africa,0,Europe,0,1.177,0.017,3.984655980506875e-08,0.00010469642013624356,port1114_land,NLD
mine_3645,COD,Copper,,,,,,,,,,,,,,,0.0,2627.4895661864757,COD,RUS,Africa,0,Europe,0,2.372,0.382,8.953756379727214e-07,0.0023525901465908847,port1095_land,RUS
mine_3645,COD,Copper,,,,,,,,,,,,,,,0.0,2627.4895661864757,COD,TWN,Africa,0,Asia,0,28870.405,14190.0,0.03326015786081915,87.39071774901741,port541_land,TWN
mine_3653,COD,Copper,Silver,,,,,,,,,,,,,,0.0,67381.87592525473,COD,CHN,Africa,0,Asia,0,404840.346,146041.7,0.3423093725343476,23065.44766816121,port1195_land,CHN
mine_3653,COD,Copper,Silver,,,,,,,,,,,,,,0.0,67381.87592525473,COD,NLD,Africa,0,Europe,0,1.177,0.017,3.984655980506875e-08,0.002684935948833385,port1114_land,NLD
mine_3653,COD,Copper,Silver,,,,,,,,,,,,,,0.0,67381.87592525473,COD,RUS,Africa,0,Europe,0,2.372,0.382,8.953756379727214e-07,0.06033209014437371,port1095_land,RUS
mine_3653,COD,Copper,Silver,,,,,,,,,,,,,,0.0,67381.87592525473,COD,TWN,Africa,0,Asia,0,28870.405,14190.0,0.03326015786081915,2241.131830232102,port541_land,TWN
mine_3673,COD,Copper,Cobalt,,,,,,,,,,,,,,0.0,2116.813561687062,COD,CHN,Africa,0,Asia,0,404840.346,146041.7,0.3423093725343476,724.6051220732957,port1195_land,CHN
mine_3673,COD,Copper,Cobalt,,,,,,,,,,,,,,0.0,2116.813561687062,COD,NLD,Africa,0,Europe,0,1.177,0.017,3.984655980506875e-08,8.43477381819441e-05,port1114_land,NLD
mine_3673,COD,Copper,Cobalt,,,,,,,,,,,,,,0.0,2116.813561687062,COD,RUS,Africa,0,Europe,0,2.372,0.382,8.953756379727214e-07,0.0018953432932648615,port1095_land,RUS
mine_3673,COD,Copper,Cobalt,,,,,,,,,,,,,,0.0,2116.813561687062,COD,TWN,Africa,0,Asia,0,28870.405,14190.0,0.03326015786081915,70.40555322363451,port541_land,TWN
mine_3681,COD,Copper,Cobalt,,,,,,,,,,,,,,0.0,29574.016061570925,COD,CHN,Africa,0,Asia,0,404840.346,146041.7,0.3423093725343476,10123.462881357062,port1195_land,CHN
mine_3681,COD,Copper,Cobalt,,,,,,,,,,,,,,0.0,29574.016061570925,COD,NLD,Africa,0,Europe,0,1.177,0.017,3.984655980506875e-08,0.0011784227996734498,port1114_land,NLD
mine_3681,COD,Copper,Cobalt,,,,,,,,,,,,,,0.0,29574.016061570925,COD,RUS,Africa,0,Europe,0,2.372,0.382,8.953756379727214e-07,0.026479853498544575,port1095_land,RUS
mine_3681,COD,Copper,Cobalt,,,,,,,,,,,,,,0.0,29574.016061570925,COD,TWN,Africa,0,Asia,0,28870.405,14190.0,0.03326015786081915,983.63644278625,port541_land,TWN
mine_3685,COD,Copper,Cobalt,,,,,,,,,,,,,,0.0,6038.203265818377,COD,CHN,Africa,0,Asia,0,404840.346,146041.7,0.3423093725343476,2066.933571157137,port1195_land,CHN
mine_3685,COD,Copper,Cobalt,,,,,,,,,,,,,,0.0,6038.203265818377,COD,NLD,Africa,0,Europe,0,1.177,0.017,3.984655980506875e-08,0.00024060162754659342,port1114_land,NLD
mine_3685,COD,Copper,Cobalt,,,,,,,,,,,,,,0.0,6038.203265818377,COD,RUS,Africa,0,Europe,0,2.372,0.382,8.953756379727214e-07,0.005406460101341099,port1095_land,RUS
mine_3685,COD,Copper,Cobalt,,,,,,,,,,,,,,0.0,6038.203265818377,COD,TWN,Africa,0,Asia,0,28870.405,14190.0,0.03326015786081915,200.83159381683296,port541_land,TWN
mine_3694,COD,Cobalt,Copper,,,,,,,,,,,,,,0.0,129.87272652044763,COD,CHN,Africa,0,Asia,0,404840.346,146041.7,0.3423093725343476,44.45665152453935,port1195_land,CHN
mine_3694,COD,Cobalt,Copper,,,,,,,,,,,,,,0.0,129.87272652044763,COD,NLD,Africa,0,Europe,0,1.177,0.017,3.984655980506875e-08,5.174981364344355e-06,port1114_land,NLD
mine_3694,COD,Cobalt,Copper,,,,,,,,,,,,,,0.0,129.87272652044763,COD,RUS,Africa,0,Europe,0,2.372,0.382,8.953756379727214e-07,0.00011628487536350256,port1095_land,RUS
mine_3694,COD,Cobalt,Copper,,,,,,,,,,,,,,0.0,129.87272652044763,COD,TWN,Africa,0,Asia,0,28870.405,14190.0,0.03326015786081915,4.319587385885082,port541_land,TWN
mine_3701,COD,Copper,Cobalt,,,,,,,,,,,,,,0.0,11970.711056564536,COD,CHN,Africa,0,Asia,0,404840.346,146041.7,0.3423093725343476,4097.686590562584,port1195_land,CHN
mine_3701,COD,Copper,Cobalt,,,,,,,,,,,,,,0.0,11970.711056564536,COD,NLD,Africa,0,Europe,0,1.177,0.017,3.984655980506875e-08,0.00047699165402459654,port1114_land,NLD
mine_3701,COD,Copper,Cobalt,,,,,,,,,,,,,,0.0,11970.711056564536,COD,RUS,Africa,0,Europe,0,2.372,0.382,8.953756379727214e-07,0.010718283049258582,port1095_land,RUS
mine_3701,COD,Copper,Cobalt,,,,,,,,,,,,,,0.0,11970.711056564536,COD,TWN,Africa,0,Asia,0,28870.405,14190.0,0.03326015786081915,398.1477394475897,port541_land,TWN
mine_3743,COD,Cobalt,Copper,,,,,,,,,,,,,,0.0,26074.73370341906,COD,CHN,Africa,0,Asia,0,404840.346,146041.7,0.3423093725343476,8925.625733017585,port1195_land,CHN
mine_3743,COD,Cobalt,Copper,,,,,,,,,,,,,,0.0,26074.73370341906,COD,NLD,Africa,0,Europe,0,1.177,0.017,3.984655980506875e-08,0.0010389884359145293,port1114_land,NLD
mine_3743,COD,Cobalt,Copper,,,,,,,,,,,,,,0.0,26074.73370341906,COD,RUS,Africa,0,Europe,0,2.372,0.382,8.953756379727214e-07,0.023346681324667662,port1095_land,RUS
mine_3743,COD,Cobalt,Copper,,,,,,,,,,,,,,0.0,26074.73370341906,COD,TWN,Africa,0,Asia,0,28870.405,14190.0,0.03326015786081915,867.2497591545396,port541_land,TWN
mine_6332,MOZ,Graphite,Vanadium,Lanthanides,U3O8,Copper,Zinc,,,,,,,,,,0.0,207394.572,MOZ,NLD,Africa,0,Europe,0,0.707,0.016,0.1523809523809524,31602.9824,port1114_land,NLD
mine_10426,TZA,Copper,Silver,,,,,,,,,,,,,,0.0,872144.4990000001,TZA,CHN,Africa,0,Asia,0,10820.983,4384.772,0.8511593630801364,742333.9562826847,port1195_land,CHN
mine_10426,TZA,Copper,Silver,,,,,,,,,,,,,,0.0,872144.4990000001,TZA,GBR,Africa,0,Europe,0,0.005,0.001,1.9411713153617484e-07,0.1692981884309343,port493_land,GBR
mine_10426,TZA,Copper,Silver,,,,,,,,,,,,,,0.0,872144.4990000001,TZA,IND,Africa,0,Asia,0,0.25,0.08,1.5529370522893986e-05,13.543855074474745,port1367_land,IND
mine_10426,TZA,Copper,Silver,,,,,,,,,,,,,,0.0,872144.4990000001,TZA,KHM,Africa,0,Asia,0,306.277,332.152,0.06447639347400354,56232.73188371169,port535_land,KHM
mine_10426,TZA,Copper,Silver,,,,,,,,,,,,,,0.0,872144.4990000001,TZA,KOR,Africa,0,Asia,0,0.1,0.2548325473958299,4.946736312253482e-05,43.14268862735421,port915_land,KOR
mine_10426,TZA,Copper,Silver,,,,,,,,,,,,,,0.0,872144.4990000001,TZA,NLD,Africa,0,Europe,0,0.464,0.015,2.9117569730426226e-06,2.539472826464015,port1114_land,NLD
mine_10426,TZA,Copper,Silver,,,,,,,,,,,,,,0.0,872144.4990000001,TZA,SGP,Africa,0,Asia,0,3474.303,431.9,0.0838391891104739,73119.88758332052,port1201_land,SGP
mine_10426,TZA,Copper,Silver,,,,,,,,,,,,,,0.0,872144.4990000001,TZA,USA,Africa,0,North America,0,0.1,0.003,5.823513946085246e-07,0.507894565292803,port812_land,USA
mine_10511,COD,Copper,Silver,,,,,,,,,,,,,,0.0,29435.42320557254,COD,CHN,Africa,0,Asia,0,404840.346,146041.7,0.3423093725343476,10076.021247782512,port1195_land,CHN
mine_10511,COD,Copper,Silver,,,,,,,,,,,,,,0.0,29435.42320557254,COD,NLD,Africa,0,Europe,0,1.177,0.017,3.984655980506875e-08,0.001172900351148355,port1114_land,NLD
mine_10511,COD,Copper,Silver,,,,,,,,,,,,,,0.0,29435.42320557254,COD,RUS,Africa,0,Europe,0,2.372,0.382,8.953756379727214e-07,0.026355760831686562,port1095_land,RUS
mine_10511,COD,Copper,Silver,,,,,,,,,,,,,,0.0,29435.42320557254,COD,TWN,Africa,0,Asia,0,28870.405,14190.0,0.03326015786081915,979.026822517362,port541_land,TWN
mine_10514,COD,Tin,Zinc,Silver,Lead,Copper,,,,,,,,,,,0.0,8215.362529771017,COD,CHN,Africa,0,Asia,0,404840.346,146041.7,0.3423093725343476,2812.1955927081076,port1195_land,CHN
mine_10514,COD,Tin,Zinc,Silver,Lead,Copper,,,,,,,,,,,0.0,8215.362529771017,COD,NLD,Africa,0,Europe,0,1.177,0.017,3.984655980506875e-08,0.0003273539343628417,port1114_land,NLD
mine_10514,COD,Tin,Zinc,Silver,Lead,Copper,,,,,,,,,,,0.0,8215.362529771017,COD,RUS,Africa,0,Europe,0,2.372,0.382,8.953756379727214e-07,0.007355835466270914,port1095_land,RUS
mine_10514,COD,Tin,Zinc,Silver,Lead,Copper,,,,,,,,,,,0.0,8215.362529771017,COD,TWN,Africa,0,Asia,0,28870.405,14190.0,0.03326015786081915,273.2442546240426,port541_land,TWN
